-- --------------------------------------------------------
-- 호스트:                          127.0.0.1
-- 서버 버전:                        10.5.21-MariaDB - mariadb.org binary distribution
-- 서버 OS:                        Win64
-- HeidiSQL 버전:                  12.3.0.6589
-- --------------------------------------------------------

/*!40101 SET @OLD_CHARACTER_SET_CLIENT=@@CHARACTER_SET_CLIENT */;
/*!40101 SET NAMES utf8 */;
/*!50503 SET NAMES utf8mb4 */;
/*!40103 SET @OLD_TIME_ZONE=@@TIME_ZONE */;
/*!40103 SET TIME_ZONE='+00:00' */;
/*!40014 SET @OLD_FOREIGN_KEY_CHECKS=@@FOREIGN_KEY_CHECKS, FOREIGN_KEY_CHECKS=0 */;
/*!40101 SET @OLD_SQL_MODE=@@SQL_MODE, SQL_MODE='NO_AUTO_VALUE_ON_ZERO' */;
/*!40111 SET @OLD_SQL_NOTES=@@SQL_NOTES, SQL_NOTES=0 */;


-- shop 데이터베이스 구조 내보내기
CREATE DATABASE IF NOT EXISTS `shop` /*!40100 DEFAULT CHARACTER SET utf8 COLLATE utf8_general_ci */;
USE `shop`;

-- 테이블 shop.address 구조 내보내기
CREATE TABLE IF NOT EXISTS `address` (
  `address_no` int(11) NOT NULL AUTO_INCREMENT,
  `id` varchar(50) NOT NULL,
  `address_name` varchar(50) NOT NULL,
  `address` text NOT NULL,
  `address_last_date` datetime NOT NULL,
  `default_address` enum('Y','N') NOT NULL,
  `createdate` datetime NOT NULL,
  `updatedate` datetime NOT NULL,
  PRIMARY KEY (`address_no`),
  KEY `id` (`id`),
  CONSTRAINT `FK_address_id_list` FOREIGN KEY (`id`) REFERENCES `id_list` (`id`) ON DELETE CASCADE ON UPDATE CASCADE
) ENGINE=InnoDB AUTO_INCREMENT=16 DEFAULT CHARSET=utf8 COLLATE=utf8_general_ci;

-- 테이블 데이터 shop.address:~15 rows (대략적) 내보내기
DELETE FROM `address`;
INSERT INTO `address` (`address_no`, `id`, `address_name`, `address`, `address_last_date`, `default_address`, `createdate`, `updatedate`) VALUES
	(1, 'user1', 'home', '123 Main Street, Anytown, USA', '2023-06-21 15:20:20', 'Y', '2023-06-21 15:20:20', '2023-06-21 15:20:20'),
	(2, 'user2', 'office', '456 Elm Avenue, Anycity, USA', '2023-06-21 15:20:20', 'Y', '2023-06-21 15:20:20', '2023-06-21 15:20:20'),
	(3, 'user3', 'home', '789 Oak Road, Anystate, USA', '2023-06-21 15:20:20', 'Y', '2023-06-21 15:20:20', '2023-06-21 15:20:20'),
	(4, 'user4', 'home', '321 Pine Lane, Anycity, USA', '2023-06-21 15:20:20', 'Y', '2023-06-21 15:20:20', '2023-06-21 15:20:20'),
	(5, 'user5', 'home', '654 Cedar Street, Anystate, USA', '2023-06-21 15:20:20', 'Y', '2023-06-21 15:20:20', '2023-06-21 15:20:20'),
	(6, 'user6', 'home', '987 Maple Drive, Anytown, USA', '2023-06-21 15:20:20', 'Y', '2023-06-21 15:20:20', '2023-06-21 15:20:20'),
	(7, 'user7', 'home', '246 Walnut Avenue, Anycity, USA', '2023-06-21 15:20:20', 'Y', '2023-06-21 15:20:20', '2023-06-21 15:20:20'),
	(8, 'user8', 'home', '789 Pine Lane, Anystate, USA', '2023-06-21 15:20:20', 'Y', '2023-06-21 15:20:20', '2023-06-21 15:20:20'),
	(9, 'user9', 'home', '123 Cedar Street, Anytown, USA', '2023-06-21 15:20:20', 'Y', '2023-06-21 15:20:20', '2023-06-21 15:20:20'),
	(10, 'user10', 'home', '456 Maple Drive, Anycity, USA', '2023-06-21 15:20:20', 'Y', '2023-06-21 15:20:20', '2023-06-21 15:20:20'),
	(11, 'user11', 'home', '789 Walnut Avenue, Anystate, USA', '2023-06-21 15:20:20', 'Y', '2023-06-21 15:20:20', '2023-06-21 15:20:20'),
	(12, 'user12', 'home', '987 Pine Lane, Anytown, USA', '2023-06-21 15:20:20', 'Y', '2023-06-21 15:20:20', '2023-06-21 15:20:20'),
	(13, 'user13', 'home', '321 Cedar Street, Anycity, USA', '2023-06-21 15:20:20', 'Y', '2023-06-21 15:20:20', '2023-06-21 15:20:20'),
	(14, 'user14', 'home', '654 Maple Drive, Anystate, USA', '2023-06-21 15:20:20', 'Y', '2023-06-21 15:20:20', '2023-06-21 15:20:20'),
	(15, 'user15', 'home', '987 Walnut Avenue, Anytown, USA', '2023-06-21 15:20:20', 'Y', '2023-06-21 15:20:20', '2023-06-21 15:20:20');

-- 테이블 shop.answer 구조 내보내기
CREATE TABLE IF NOT EXISTS `answer` (
  `a_no` int(11) NOT NULL AUTO_INCREMENT,
  `q_no` int(11) NOT NULL,
  `id` varchar(50) NOT NULL,
  `a_content` text NOT NULL,
  `createdate` datetime NOT NULL,
  `updatedate` datetime NOT NULL,
  PRIMARY KEY (`a_no`),
  KEY `FK_a_board_q_board` (`q_no`),
  KEY `FK_answer_employees` (`id`),
  CONSTRAINT `FK_a_board_q_board` FOREIGN KEY (`q_no`) REFERENCES `question` (`q_no`) ON DELETE CASCADE ON UPDATE CASCADE,
  CONSTRAINT `FK_answer_employees` FOREIGN KEY (`id`) REFERENCES `employees` (`id`) ON DELETE NO ACTION ON UPDATE NO ACTION
) ENGINE=InnoDB AUTO_INCREMENT=16 DEFAULT CHARSET=utf8 COLLATE=utf8_general_ci;

-- 테이블 데이터 shop.answer:~15 rows (대략적) 내보내기
DELETE FROM `answer`;
INSERT INTO `answer` (`a_no`, `q_no`, `id`, `a_content`, `createdate`, `updatedate`) VALUES
	(1, 18, 'admin', '금일까지 출고 예정입니다. 조금만 기다려주세요.', '2023-06-23 12:19:27', '2023-06-23 12:19:27'),
	(2, 1, 'admin1', '금일까지 출고 예정입니다. 조금만 기다려주세요.', '2023-06-23 12:19:27', '2023-06-23 12:19:27'),
	(3, 24, 'admin3', '금일까지 출고 예정입니다. 조금만 기다려주세요.', '2023-06-23 12:19:27', '2023-06-23 12:19:27'),
	(4, 25, 'admin4', '금일까지 출고 예정입니다. 조금만 기다려주세요.', '2023-06-23 12:19:27', '2023-06-23 12:19:27'),
	(5, 26, 'admin5', '금일까지 출고 예정입니다. 조금만 기다려주세요.', '2023-06-23 12:19:27', '2023-06-23 12:19:27'),
	(6, 31, 'admin5', '금일까지 출고 예정입니다. 조금만 기다려주세요.', '2023-06-23 12:19:27', '2023-06-23 12:19:27'),
	(7, 32, 'admin4', '금일까지 출고 예정입니다. 조금만 기다려주세요.', '2023-06-23 12:19:27', '2023-06-23 12:19:27'),
	(8, 33, 'admin5', '금일까지 출고 예정입니다. 조금만 기다려주세요.', '2023-06-23 12:19:27', '2023-06-23 12:19:27'),
	(9, 2, 'admin2', '네 가능합니다. 결제는 무통장입금이 가능합니다.', '2023-06-23 12:19:27', '2023-06-23 12:19:27'),
	(10, 20, 'admin2', '네 가능합니다. 결제는 무통장입금이 가능합니다.', '2023-06-23 12:19:27', '2023-06-23 12:19:27'),
	(11, 35, 'admin2', '네 가능합니다. 결제는 무통장입금이 가능합니다.', '2023-06-23 12:19:27', '2023-06-23 12:19:27'),
	(12, 19, 'admin4', '접수된 내용 확인 후 처리하도록 하겠습니다.', '2023-06-23 12:19:27', '2023-06-23 12:19:27'),
	(13, 23, 'admin4', '접수된 내용 확인 후 처리하도록 하겠습니다.', '2023-06-23 12:19:27', '2023-06-23 12:19:27'),
	(14, 30, 'admin5', '접수된 내용 확인 후 처리하도록 하겠습니다.', '2023-06-23 12:19:27', '2023-06-23 12:19:27'),
	(15, 3, 'admin5', '그 부분에 대해서는 확인하고 다시 답변 드리겠습니다.', '2023-06-23 12:19:27', '2023-06-23 12:19:27');

-- 테이블 shop.cart 구조 내보내기
CREATE TABLE IF NOT EXISTS `cart` (
  `cart_no` int(11) NOT NULL AUTO_INCREMENT,
  `product_no` int(11) NOT NULL,
  `id` varchar(50) NOT NULL,
  `cart_cnt` int(11) NOT NULL,
  `createdate` datetime NOT NULL,
  `updatedate` datetime NOT NULL,
  PRIMARY KEY (`cart_no`),
  KEY `FK_cart_id` (`id`),
  KEY `product_no` (`product_no`),
  CONSTRAINT `FK_cart_id` FOREIGN KEY (`id`) REFERENCES `id_list` (`id`) ON DELETE NO ACTION ON UPDATE NO ACTION,
  CONSTRAINT `FK_cart_product` FOREIGN KEY (`product_no`) REFERENCES `product` (`product_no`) ON DELETE CASCADE ON UPDATE CASCADE
) ENGINE=InnoDB AUTO_INCREMENT=24 DEFAULT CHARSET=utf8 COLLATE=utf8_general_ci;

-- 테이블 데이터 shop.cart:~22 rows (대략적) 내보내기
DELETE FROM `cart`;
INSERT INTO `cart` (`cart_no`, `product_no`, `id`, `cart_cnt`, `createdate`, `updatedate`) VALUES
	(1, 1, 'user1', 1, '2023-06-21 12:33:50', '2023-06-21 12:33:50'),
	(2, 2, 'user2', 2, '2023-06-21 12:33:50', '2023-06-21 12:33:50'),
	(3, 3, 'user3', 3, '2023-06-21 12:33:50', '2023-06-21 12:33:50'),
	(4, 4, 'user4', 1, '2023-06-21 12:33:50', '2023-06-21 12:33:50'),
	(5, 5, 'user5', 2, '2023-06-21 12:33:50', '2023-06-21 12:33:50'),
	(6, 6, 'user6', 3, '2023-06-21 12:33:50', '2023-06-21 12:33:50'),
	(7, 7, 'user7', 1, '2023-06-21 12:33:50', '2023-06-21 12:33:50'),
	(8, 8, 'user1', 2, '2023-06-21 12:33:50', '2023-06-21 12:33:50'),
	(9, 9, 'user2', 3, '2023-06-21 12:33:50', '2023-06-21 12:33:50'),
	(10, 10, 'user3', 1, '2023-06-21 12:33:50', '2023-06-21 12:33:50'),
	(11, 11, 'user4', 2, '2023-06-21 12:33:50', '2023-06-21 12:33:50'),
	(12, 12, 'user5', 3, '2023-06-21 12:33:50', '2023-06-21 12:33:50'),
	(13, 13, 'user6', 1, '2023-06-21 12:33:50', '2023-06-21 12:33:50'),
	(14, 14, 'user7', 2, '2023-06-21 12:33:50', '2023-06-21 12:33:50'),
	(15, 15, 'user1', 3, '2023-06-21 12:33:50', '2023-06-21 12:33:50'),
	(16, 16, 'user2', 1, '2023-06-21 12:33:50', '2023-06-21 12:33:50'),
	(17, 17, 'user3', 2, '2023-06-21 12:33:50', '2023-06-21 12:33:50'),
	(18, 18, 'user4', 3, '2023-06-21 12:33:50', '2023-06-21 12:33:50'),
	(19, 19, 'user5', 1, '2023-06-21 12:33:50', '2023-06-21 12:33:50'),
	(20, 20, 'user6', 2, '2023-06-21 12:33:50', '2023-06-21 12:33:50'),
	(22, 47, 'user2', 5, '2023-06-22 14:56:10', '2023-06-22 14:56:10'),
	(23, 23, 'user1', 1, '2023-07-31 09:43:34', '2023-07-31 09:43:34');

-- 테이블 shop.category 구조 내보내기
CREATE TABLE IF NOT EXISTS `category` (
  `category_name` varchar(100) NOT NULL,
  `createdate` datetime NOT NULL,
  `updatedate` datetime NOT NULL,
  PRIMARY KEY (`category_name`)
) ENGINE=InnoDB DEFAULT CHARSET=utf8 COLLATE=utf8_general_ci;

-- 테이블 데이터 shop.category:~7 rows (대략적) 내보내기
DELETE FROM `category`;
INSERT INTO `category` (`category_name`, `createdate`, `updatedate`) VALUES
	('관리자', '1990-01-01 00:00:00', '2020-01-01 00:00:00'),
	('벽등', '2020-01-01 00:00:00', '2020-01-01 00:00:00'),
	('스탠드', '2020-01-01 00:00:00', '2020-01-01 00:00:00'),
	('테이블등', '2020-01-01 00:00:00', '2020-01-01 00:00:00'),
	('파격세일', '2020-01-01 00:00:00', '2020-01-01 00:00:00'),
	('펜던트', '2020-01-01 00:00:00', '2020-01-01 00:00:00'),
	('포인트조명', '2020-01-01 00:00:00', '2020-01-01 00:00:00');

-- 테이블 shop.customer 구조 내보내기
CREATE TABLE IF NOT EXISTS `customer` (
  `id` varchar(50) NOT NULL,
  `cstm_name` varchar(50) NOT NULL,
  `cstm_address` text NOT NULL,
  `cstm_email` varchar(50) NOT NULL,
  `cstm_birth` date NOT NULL,
  `cstm_phone` varchar(50) NOT NULL,
  `cstm_gender` varchar(50) NOT NULL,
  `cstm_rank` enum('금','은','동') NOT NULL,
  `cstm_point` int(11) NOT NULL,
  `cstm_last_login` datetime NOT NULL,
  `cstm_agree` enum('Y','N') NOT NULL,
  `createdate` datetime NOT NULL,
  `updatedate` datetime NOT NULL,
  PRIMARY KEY (`id`),
  CONSTRAINT `FK_customer_id` FOREIGN KEY (`id`) REFERENCES `id_list` (`id`) ON DELETE CASCADE ON UPDATE CASCADE
) ENGINE=InnoDB DEFAULT CHARSET=utf8 COLLATE=utf8_general_ci;

-- 테이블 데이터 shop.customer:~15 rows (대략적) 내보내기
DELETE FROM `customer`;
INSERT INTO `customer` (`id`, `cstm_name`, `cstm_address`, `cstm_email`, `cstm_birth`, `cstm_phone`, `cstm_gender`, `cstm_rank`, `cstm_point`, `cstm_last_login`, `cstm_agree`, `createdate`, `updatedate`) VALUES
	('user1', 'John Doe', '123 Main Street, Anytown, USA', 'johndoe@example.com', '1990-05-15', '+1 (555) 123-4567', 'Male', '은', 100, '2023-07-31 09:41:29', 'Y', '2023-06-21 12:33:17', '2023-06-21 12:33:17'),
	('user10', 'Sophia Hernandez', '456 Maple Drive, Anycity, USA', 'sophiahernandez@example.com', '1997-01-02', '+1 (555) 234-5678', 'Female', '은', 400, '2023-06-11 15:00:00', 'Y', '2023-06-21 12:33:17', '2023-06-21 12:33:17'),
	('user11', 'Matthew Wilson', '789 Walnut Avenue, Anystate, USA', 'matthewwilson@example.com', '1991-08-16', '+1 (555) 567-8901', 'Male', '금', 900, '2023-06-10 11:45:00', 'Y', '2023-06-21 12:33:17', '2023-06-21 12:33:17'),
	('user12', 'Ava Lee', '987 Pine Lane, Anytown, USA', 'avalee@example.com', '1999-04-23', '+1 (555) 890-1234', 'Female', '동', 30, '2023-06-09 14:00:00', 'N', '2023-06-21 12:33:17', '2023-06-21 12:33:17'),
	('user13', 'James Davis', '321 Cedar Street, Anycity, USA', 'jamesdavis@example.com', '1988-01-06', '+1 (555) 123-4567', 'Male', '은', 250, '2023-06-08 17:15:00', 'Y', '2023-06-21 12:33:17', '2023-06-21 12:33:17'),
	('user14', 'Mia Johnson', '654 Maple Drive, Anystate, USA', 'miajohnson@example.com', '1994-05-20', '+1 (555) 987-6543', 'Female', '금', 700, '2023-06-07 09:30:00', 'Y', '2023-06-21 12:33:17', '2023-06-21 12:33:17'),
	('user15', 'Alexander Brown', '987 Walnut Avenue, Anytown, USA', 'alexanderbrown@example.com', '1987-10-12', '+1 (555) 555-1234', 'Male', '동', 150, '2023-06-06 12:45:00', 'N', '2023-06-21 12:33:17', '2023-06-21 12:33:17'),
	('user2', 'Jane Smith', '456 Elm Avenue, Anycity, USA', 'janesmith@example.com', '1985-09-21', '+1 (555) 987-6543', 'Female', '금', 500, '2023-06-24 22:52:09', 'Y', '2023-06-21 12:33:17', '2023-06-21 12:33:17'),
	('user3', 'Michael Johnson', '789 Oak Road, Anystate, USA', 'michaeljohnson@example.com', '1992-02-12', '+1 (555) 555-1234', 'Male', '동', 50, '2023-06-18 09:45:00', 'N', '2023-06-21 12:33:17', '2023-06-21 12:33:17'),
	('user4', 'Emily Davis', '321 Pine Lane, Anycity, USA', 'emilydavis@example.com', '1998-12-07', '+1 (555) 456-7890', 'Female', '은', 200, '2023-06-17 12:15:00', 'Y', '2023-06-21 12:33:17', '2023-06-21 12:33:17'),
	('user5', 'David Wilson', '654 Cedar Street, Anystate, USA', 'davidwilson@example.com', '1987-07-03', '+1 (555) 789-0123', 'Male', '금', 1000, '2023-06-16 18:00:00', 'Y', '2023-06-21 12:33:17', '2023-06-21 12:33:17'),
	('user6', 'Sarah Anderson', '987 Maple Drive, Anytown, USA', 'sarahanderson@example.com', '1995-03-25', '+1 (555) 012-3456', 'Female', '동', 150, '2023-06-15 11:30:00', 'N', '2023-06-21 12:33:17', '2023-06-21 12:33:17'),
	('user7', 'Christopher Thomas', '246 Walnut Avenue, Anycity, USA', 'christopherthomas@example.com', '1989-11-19', '+1 (555) 345-6789', 'Male', '은', 300, '2023-06-14 14:45:00', 'Y', '2023-06-21 12:33:17', '2023-06-21 12:33:17'),
	('user8', 'Olivia Martinez', '789 Pine Lane, Anystate, USA', 'oliviamartinez@example.com', '1993-06-30', '+1 (555) 678-9012', 'Female', '금', 750, '2023-06-13 19:30:00', 'Y', '2023-06-21 12:33:17', '2023-06-21 12:33:17'),
	('user9', 'Daniel Taylor', '123 Cedar Street, Anytown, USA', 'danieltaylor@example.com', '1986-09-08', '+1 (555) 901-2345', 'Male', '동', 80, '2023-06-12 10:15:00', 'N', '2023-06-21 12:33:17', '2023-06-21 12:33:17');

-- 테이블 shop.discount 구조 내보내기
CREATE TABLE IF NOT EXISTS `discount` (
  `discount_no` int(11) NOT NULL AUTO_INCREMENT,
  `product_no` int(11) NOT NULL,
  `discount_start` datetime NOT NULL,
  `discount_end` datetime NOT NULL,
  `discount_rate` double NOT NULL,
  `createdate` datetime NOT NULL DEFAULT '0000-00-00 00:00:00',
  `updatedate` datetime NOT NULL DEFAULT '0000-00-00 00:00:00',
  PRIMARY KEY (`discount_no`),
  KEY `product_no` (`product_no`),
  CONSTRAINT `FK_discount_product` FOREIGN KEY (`product_no`) REFERENCES `product` (`product_no`) ON DELETE CASCADE ON UPDATE CASCADE
) ENGINE=InnoDB AUTO_INCREMENT=28 DEFAULT CHARSET=utf8 COLLATE=utf8_general_ci;

-- 테이블 데이터 shop.discount:~27 rows (대략적) 내보내기
DELETE FROM `discount`;
INSERT INTO `discount` (`discount_no`, `product_no`, `discount_start`, `discount_end`, `discount_rate`, `createdate`, `updatedate`) VALUES
	(1, 23, '2023-06-28 14:14:02', '2024-06-28 00:00:00', 0.9, '2023-06-28 14:14:02', '2023-06-28 14:14:02'),
	(2, 47, '2023-06-28 14:14:56', '2024-06-28 00:00:00', 0.8, '2023-06-28 14:14:56', '2023-06-28 14:14:56'),
	(3, 5, '2023-06-28 14:15:41', '2024-06-28 00:00:00', 0.5, '2023-06-28 14:15:41', '2023-06-28 14:15:41'),
	(4, 120, '2023-06-28 14:16:09', '2024-06-28 00:00:00', 0.7, '2023-06-28 14:16:09', '2023-06-28 14:16:09'),
	(5, 84, '2023-06-28 14:16:31', '2024-06-28 00:00:00', 0.8, '2023-06-28 14:16:31', '2023-06-28 14:16:31'),
	(6, 67, '2023-06-28 14:16:54', '2024-06-28 00:00:00', 0.6, '2023-06-28 14:16:54', '2023-06-28 14:16:54'),
	(7, 24, '2023-06-28 14:17:18', '2024-06-28 00:00:00', 0.5, '2023-06-28 14:17:18', '2023-06-28 14:17:18'),
	(8, 137, '2023-06-28 14:17:35', '2024-06-28 00:00:00', 0.4, '2023-06-28 14:17:35', '2023-06-28 14:17:35'),
	(9, 93, '2023-06-28 14:18:01', '2024-06-28 00:00:00', 0.7, '2023-06-28 14:18:01', '2023-06-28 14:18:01'),
	(10, 132, '2023-06-28 14:18:19', '2024-06-28 00:00:00', 0.5, '2023-06-28 14:18:19', '2023-06-28 14:18:19'),
	(11, 96, '2023-06-28 14:18:39', '2024-06-28 00:00:00', 0.4, '2023-06-28 14:18:39', '2023-06-28 14:18:39'),
	(12, 126, '2023-06-28 14:18:59', '2024-06-28 00:00:00', 0.2, '2023-06-28 14:18:59', '2023-06-28 14:18:59'),
	(13, 30, '2023-06-28 14:19:17', '2024-06-28 00:00:00', 0.4, '2023-06-28 14:19:17', '2023-06-28 14:19:17'),
	(14, 20, '2023-06-28 14:20:18', '2024-06-28 00:00:00', 0.6, '2023-06-28 14:20:18', '2023-06-28 14:20:18'),
	(15, 14, '2023-06-28 14:21:01', '2024-06-28 00:00:00', 0.4, '2023-06-28 14:21:01', '2023-06-28 14:21:01'),
	(16, 10, '2023-06-28 14:21:35', '2024-06-28 00:00:00', 0.5, '2023-06-28 14:21:35', '2023-06-28 14:21:35'),
	(17, 3, '2023-06-28 14:26:47', '2024-06-28 00:00:00', 0.3, '2023-06-28 14:26:47', '2023-06-28 14:26:47'),
	(18, 142, '2023-06-28 14:27:28', '2024-06-28 00:00:00', 0.4, '2023-06-28 14:27:28', '2023-06-28 14:27:28'),
	(19, 113, '2023-06-28 14:27:54', '2024-06-28 00:00:00', 0.8, '2023-06-28 14:27:54', '2023-06-28 14:27:54'),
	(20, 116, '2023-06-28 14:28:02', '2024-06-28 00:00:00', 0.6, '2023-06-28 14:28:02', '2023-06-28 14:28:02'),
	(21, 118, '2023-06-28 14:28:14', '2024-06-28 00:00:00', 0.3, '2023-06-28 14:28:14', '2023-06-28 14:28:14'),
	(22, 101, '2023-06-28 14:28:58', '2024-06-28 00:00:00', 0.3, '2023-06-28 14:28:58', '2023-06-28 14:28:58'),
	(23, 83, '2023-06-28 14:29:12', '2024-06-28 00:00:00', 0.7, '2023-06-28 14:29:12', '2023-06-28 14:29:12'),
	(24, 91, '2023-06-28 14:29:27', '2024-06-28 00:00:00', 0.3, '2023-06-28 14:29:27', '2023-06-28 14:29:27'),
	(25, 58, '2023-06-28 14:30:02', '2024-06-28 00:00:00', 0.5, '2023-06-28 14:30:02', '2023-06-28 14:30:02'),
	(26, 41, '2023-06-28 14:30:20', '2024-06-28 00:00:00', 0.6, '2023-06-28 14:30:20', '2023-06-28 14:30:20'),
	(27, 112, '2023-06-28 00:00:00', '2024-06-28 00:00:00', 0.8, '2023-06-28 00:00:00', '2023-06-28 00:00:00');

-- 테이블 shop.employees 구조 내보내기
CREATE TABLE IF NOT EXISTS `employees` (
  `id` varchar(50) NOT NULL,
  `emp_name` varchar(50) NOT NULL,
  `emp_level` enum('1','3','5') NOT NULL,
  `emp_phone` varchar(50) NOT NULL,
  `createdate` datetime NOT NULL,
  `updatedate` datetime NOT NULL,
  PRIMARY KEY (`id`),
  KEY `id` (`id`),
  CONSTRAINT `FK_employees_id` FOREIGN KEY (`id`) REFERENCES `id_list` (`id`) ON DELETE CASCADE ON UPDATE CASCADE
) ENGINE=InnoDB DEFAULT CHARSET=utf8 COLLATE=utf8_general_ci COMMENT='level :숫자가 높을 수록 권한이 높게';

-- 테이블 데이터 shop.employees:~6 rows (대략적) 내보내기
DELETE FROM `employees`;
INSERT INTO `employees` (`id`, `emp_name`, `emp_level`, `emp_phone`, `createdate`, `updatedate`) VALUES
	('admin', '관리자', '5', '010-0000-0000', '2023-06-02 11:16:27', '2023-06-02 11:16:27'),
	('admin1', 'John Doe', '5', '+1 (555) 123-4567', '2023-06-21 12:33:32', '2023-06-21 12:33:32'),
	('admin2', 'Jane Smith', '3', '+1 (555) 987-6543', '2023-06-21 12:33:32', '2023-06-21 12:33:32'),
	('admin3', 'Michael Johnson', '1', '+1 (555) 555-1234', '2023-06-21 12:33:32', '2023-06-21 12:33:32'),
	('admin4', 'Emily Davis', '5', '+1 (555) 456-7890', '2023-06-21 12:33:32', '2023-06-21 12:33:32'),
	('admin5', 'David Wilson', '3', '+1 (555) 789-0123', '2023-06-21 12:33:32', '2023-06-21 12:33:32');

-- 테이블 shop.id_list 구조 내보내기
CREATE TABLE IF NOT EXISTS `id_list` (
  `id` varchar(50) NOT NULL,
  `last_pw` varchar(50) NOT NULL,
  `active` enum('Y','N') NOT NULL,
  `createdate` datetime NOT NULL,
  PRIMARY KEY (`id`)
) ENGINE=InnoDB DEFAULT CHARSET=utf8 COLLATE=utf8_general_ci;

-- 테이블 데이터 shop.id_list:~22 rows (대략적) 내보내기
DELETE FROM `id_list`;
INSERT INTO `id_list` (`id`, `last_pw`, `active`, `createdate`) VALUES
	('admin', '*A4B6157319038724E3560894F7F932C8886EBFCF', 'Y', '2023-06-02 11:16:27'),
	('admin1', '*A4B6157319038724E3560894F7F932C8886EBFCF', 'Y', '2023-06-21 12:32:34'),
	('admin2', '*A4B6157319038724E3560894F7F932C8886EBFCF', 'Y', '2023-06-21 12:32:34'),
	('admin3', '*A4B6157319038724E3560894F7F932C8886EBFCF', 'Y', '2023-06-21 12:32:34'),
	('admin4', '*A4B6157319038724E3560894F7F932C8886EBFCF', 'Y', '2023-06-21 12:32:34'),
	('admin5', '*A4B6157319038724E3560894F7F932C8886EBFCF', 'Y', '2023-06-21 12:32:34'),
	('guest', '*A4B6157319038724E3560894F7F932C8886EBFCF', 'Y', '2023-06-20 15:33:28'),
	('user1', '*A4B6157319038724E3560894F7F932C8886EBFCF', 'Y', '2023-06-21 12:32:34'),
	('user10', '*A4B6157319038724E3560894F7F932C8886EBFCF', 'Y', '2023-06-21 12:32:34'),
	('user11', '*A4B6157319038724E3560894F7F932C8886EBFCF', 'Y', '2023-06-21 12:32:34'),
	('user12', '*A4B6157319038724E3560894F7F932C8886EBFCF', 'Y', '2023-06-21 12:32:34'),
	('user13', '*A4B6157319038724E3560894F7F932C8886EBFCF', 'Y', '2023-06-21 12:32:34'),
	('user14', '*A4B6157319038724E3560894F7F932C8886EBFCF', 'Y', '2023-06-21 12:32:34'),
	('user15', '*A4B6157319038724E3560894F7F932C8886EBFCF', 'Y', '2023-06-21 12:32:34'),
	('user2', '*A4B6157319038724E3560894F7F932C8886EBFCF', 'Y', '2023-06-21 12:32:34'),
	('user3', '*A4B6157319038724E3560894F7F932C8886EBFCF', 'Y', '2023-06-21 12:32:34'),
	('user4', '*A4B6157319038724E3560894F7F932C8886EBFCF', 'Y', '2023-06-21 12:32:34'),
	('user5', '*A4B6157319038724E3560894F7F932C8886EBFCF', 'Y', '2023-06-21 12:32:34'),
	('user6', '*A4B6157319038724E3560894F7F932C8886EBFCF', 'Y', '2023-06-21 12:32:34'),
	('user7', '*A4B6157319038724E3560894F7F932C8886EBFCF', 'Y', '2023-06-21 12:32:34'),
	('user8', '*A4B6157319038724E3560894F7F932C8886EBFCF', 'Y', '2023-06-21 12:32:34'),
	('user9', '*A4B6157319038724E3560894F7F932C8886EBFCF', 'Y', '2023-06-21 12:32:34');

-- 테이블 shop.orders 구조 내보내기
CREATE TABLE IF NOT EXISTS `orders` (
  `order_no` int(11) NOT NULL AUTO_INCREMENT,
  `id` varchar(50) NOT NULL,
  `order_address` text NOT NULL,
  `order_price` double NOT NULL,
  `createdate` datetime NOT NULL,
  `updatedate` datetime NOT NULL,
  PRIMARY KEY (`order_no`),
  KEY `FK_orders_id_list` (`id`),
  CONSTRAINT `FK_orders_id_list` FOREIGN KEY (`id`) REFERENCES `id_list` (`id`) ON DELETE CASCADE ON UPDATE CASCADE
) ENGINE=InnoDB AUTO_INCREMENT=31 DEFAULT CHARSET=utf8 COLLATE=utf8_general_ci;

-- 테이블 데이터 shop.orders:~13 rows (대략적) 내보내기
DELETE FROM `orders`;
INSERT INTO `orders` (`order_no`, `id`, `order_address`, `order_price`, `createdate`, `updatedate`) VALUES
	(18, 'user1', '123 Main Street, Anytown, USA', 2895640, '2023-06-21 15:38:41', '2023-06-21 15:38:41'),
	(19, 'user1', '123 Main Street, Anytown, USA', 836231, '2023-06-21 15:52:37', '2023-06-21 15:52:37'),
	(20, 'user1', '123 Main Street, Anytown, USA', 10849213, '2023-06-21 16:13:05', '2023-06-21 16:13:05'),
	(21, 'user1', '123 Main Street, Anytown, USA 직접 배송해주세요', 3927248, '2023-06-21 17:28:28', '2023-06-21 17:28:28'),
	(22, 'user1', '123 Main Street, Anytown, USA 직접 배송해주세요', 1453091, '2023-06-22 19:32:41', '2023-06-22 19:32:41'),
	(23, 'user1', '123 Main Street, Anytown, USA 문 앞에 놓아주세요', 44085656, '2023-06-23 11:13:37', '2023-06-23 11:13:37'),
	(24, 'user1', '123 Main Street, Anytown, USA', 10874300, '2023-06-23 11:23:23', '2023-06-23 11:23:23'),
	(25, 'user1', '123 Main Street, Anytown, USA', 34220351, '2023-06-23 11:29:50', '2023-06-23 11:29:50'),
	(26, 'user1', '123 Main Street, Anytown, USA', 10874300, '2023-06-23 11:35:05', '2023-06-23 11:35:05'),
	(27, 'user1', '123 Main Street, Anytown, USA 직접 배송해주세요', 7782160, '2023-06-23 11:54:15', '2023-06-23 11:54:15'),
	(28, 'user1', '123 Main Street, Anytown, USA', 4970535, '2023-06-23 12:28:30', '2023-06-23 12:28:30'),
	(29, 'user1', '123 Main Street, Anytown, USA', 24902884, '2023-06-23 17:05:36', '2023-06-23 17:05:36'),
	(30, 'user1', '123 Main Street, Anytown, USA', 1770000, '2023-06-23 17:31:07', '2023-06-23 17:31:07');

-- 테이블 shop.order_product 구조 내보내기
CREATE TABLE IF NOT EXISTS `order_product` (
  `order_product_no` int(11) NOT NULL AUTO_INCREMENT,
  `order_no` int(11) NOT NULL,
  `product_no` int(11) NOT NULL,
  `product_cnt` int(11) NOT NULL,
  `delivery_status` enum('주문확인중','배송중','배송시작','배송완료','취소완료','교환중','구매확정') NOT NULL,
  PRIMARY KEY (`order_product_no`),
  KEY `order_no` (`order_no`),
  KEY `product_no` (`product_no`),
  CONSTRAINT `FK_order_product_orders` FOREIGN KEY (`order_no`) REFERENCES `orders` (`order_no`) ON DELETE CASCADE ON UPDATE CASCADE,
  CONSTRAINT `FK_order_product_product` FOREIGN KEY (`product_no`) REFERENCES `product` (`product_no`) ON DELETE CASCADE ON UPDATE CASCADE
) ENGINE=InnoDB AUTO_INCREMENT=77 DEFAULT CHARSET=utf8 COLLATE=utf8_general_ci;

-- 테이블 데이터 shop.order_product:~41 rows (대략적) 내보내기
DELETE FROM `order_product`;
INSERT INTO `order_product` (`order_product_no`, `order_no`, `product_no`, `product_cnt`, `delivery_status`) VALUES
	(36, 18, 10, 2, '구매확정'),
	(37, 18, 11, 1, '취소완료'),
	(38, 18, 12, 1, '취소완료'),
	(39, 19, 2, 2, '취소완료'),
	(40, 20, 33, 2, '취소완료'),
	(41, 20, 112, 1, '취소완료'),
	(42, 20, 114, 1, '취소완료'),
	(43, 20, 67, 1, '취소완료'),
	(44, 21, 33, 2, '취소완료'),
	(45, 21, 112, 1, '취소완료'),
	(46, 21, 114, 1, '취소완료'),
	(47, 21, 67, 1, '취소완료'),
	(48, 22, 33, 2, '취소완료'),
	(49, 22, 112, 1, '구매확정'),
	(50, 22, 114, 1, '취소완료'),
	(51, 22, 67, 1, '배송시작'),
	(52, 23, 8, 2, '배송완료'),
	(53, 23, 15, 3, '배송시작'),
	(54, 23, 47, 5, '배송시작'),
	(55, 24, 33, 2, '구매확정'),
	(56, 24, 112, 1, '구매확정'),
	(57, 24, 114, 1, '구매확정'),
	(58, 24, 67, 1, '구매확정'),
	(59, 25, 8, 2, '구매확정'),
	(60, 25, 15, 3, '구매확정'),
	(61, 26, 33, 2, '구매확정'),
	(62, 26, 112, 1, '구매확정'),
	(63, 26, 114, 1, '구매확정'),
	(64, 26, 67, 1, '구매확정'),
	(65, 27, 47, 5, '구매확정'),
	(66, 27, 129, 1, '구매확정'),
	(67, 28, 129, 1, '구매확정'),
	(68, 28, 22, 1, '구매확정'),
	(69, 28, 136, 1, '구매확정'),
	(70, 29, 64, 1, '배송시작'),
	(71, 29, 66, 1, '배송시작'),
	(72, 29, 55, 1, '교환중'),
	(73, 29, 129, 1, '배송시작'),
	(74, 29, 82, 1, '배송시작'),
	(75, 29, 130, 2, '배송완료'),
	(76, 30, 131, 2, '취소완료');

-- 테이블 shop.point_history 구조 내보내기
CREATE TABLE IF NOT EXISTS `point_history` (
  `point_no` int(11) NOT NULL AUTO_INCREMENT,
  `order_no` int(11) NOT NULL,
  `id` varchar(50) NOT NULL,
  `point_pm` enum('P','M') NOT NULL,
  `point_info` enum('관리자','상품','리뷰') NOT NULL,
  `point` int(10) NOT NULL,
  `createdate` datetime NOT NULL,
  PRIMARY KEY (`point_no`),
  KEY `FK_point_order` (`order_no`),
  KEY `FK_point_history_customer` (`id`),
  CONSTRAINT `FK_point_history_customer` FOREIGN KEY (`id`) REFERENCES `customer` (`id`) ON DELETE CASCADE ON UPDATE CASCADE,
  CONSTRAINT `FK_point_order` FOREIGN KEY (`order_no`) REFERENCES `orders` (`order_no`) ON DELETE CASCADE ON UPDATE CASCADE
) ENGINE=InnoDB AUTO_INCREMENT=20 DEFAULT CHARSET=utf8 COLLATE=utf8_general_ci;

-- 테이블 데이터 shop.point_history:~19 rows (대략적) 내보내기
DELETE FROM `point_history`;
INSERT INTO `point_history` (`point_no`, `order_no`, `id`, `point_pm`, `point_info`, `point`, `createdate`) VALUES
	(1, 23, 'user1', 'M', '상품', 8494, '2023-06-23 11:13:37'),
	(2, 23, 'user1', 'P', '상품', 1322570, '2023-06-23 11:13:37'),
	(3, 24, 'user1', 'M', '상품', 0, '2023-06-23 11:23:23'),
	(4, 24, 'user1', 'P', '상품', 326229, '2023-06-23 11:23:23'),
	(5, 25, 'user1', 'M', '상품', 1648799, '2023-06-23 11:29:50'),
	(6, 25, 'user1', 'P', '상품', 1026611, '2023-06-23 11:29:50'),
	(7, 26, 'user1', 'M', '상품', 0, '2023-06-23 11:35:05'),
	(8, 26, 'user1', 'P', '상품', 326229, '2023-06-23 11:35:05'),
	(9, 27, 'user1', 'M', '상품', 1352840, '2023-06-23 11:54:15'),
	(10, 27, 'user1', 'P', '상품', 233465, '2023-06-23 11:54:15'),
	(11, 28, 'user1', 'M', '상품', 233465, '2023-06-23 12:28:30'),
	(12, 28, 'user1', 'P', '상품', 149116, '2023-06-23 12:28:30'),
	(13, 29, 'user1', 'M', '상품', 149116, '2023-06-23 17:05:36'),
	(14, 29, 'user1', 'P', '상품', 747087, '2023-06-23 17:05:36'),
	(15, 30, 'user1', 'M', '상품', 50000, '2023-06-23 17:31:07'),
	(16, 30, 'user1', 'P', '상품', 53100, '2023-06-23 17:31:07'),
	(17, 30, 'user1', 'P', '상품', -50000, '2023-06-23 17:31:25'),
	(18, 30, 'user1', 'M', '상품', 53100, '2023-06-23 17:31:07'),
	(19, 30, 'user1', 'P', '상품', -1500, '2023-06-23 17:31:07');

-- 테이블 shop.product 구조 내보내기
CREATE TABLE IF NOT EXISTS `product` (
  `product_no` int(11) NOT NULL AUTO_INCREMENT,
  `category_name` varchar(50) NOT NULL,
  `product_name` text NOT NULL,
  `product_price` double NOT NULL,
  `product_status` enum('예약판매','판매중','품절') NOT NULL,
  `product_stock` int(11) NOT NULL,
  `product_info` text NOT NULL,
  `createdate` datetime NOT NULL,
  `updatedate` datetime NOT NULL,
  PRIMARY KEY (`product_no`),
  KEY `FK_item_category` (`category_name`)
) ENGINE=InnoDB AUTO_INCREMENT=148 DEFAULT CHARSET=utf8 COLLATE=utf8_general_ci;

-- 테이블 데이터 shop.product:~147 rows (대략적) 내보내기
DELETE FROM `product`;
INSERT INTO `product` (`product_no`, `category_name`, `product_name`, `product_price`, `product_status`, `product_stock`, `product_info`, `createdate`, `updatedate`) VALUES
	(1, '관리자', 'admin', 0, '품절', 0, '관리자전용', '2023-06-19 17:36:06', '2023-06-19 17:36:06'),
	(2, '스탠드', '플로어 루이스폴센 스탠드조명 판테라 플로어 화이트 오팔 아크릴', 461550, '판매중', 99, '플로어 루이스폴센 스탠드조명 판테라 플로어 화이트 오팔 아크릴 ', '2023-06-19 17:39:19', '2023-06-19 17:39:19'),
	(3, '스탠드', '플로어 루이스폴센 스탠드조명 VL38 플로어 화이트', 499870, '판매중', 99, '369,000원', '2023-06-19 17:41:37', '2023-06-19 17:41:37'),
	(4, '스탠드', '플로어 루이스폴센 스탠드조명 VL38 플로어 블랙', 439870, '판매중', 99, '플로어 루이스폴센 스탠드조명 VL38 플로어 블랙', '2023-06-19 17:41:50', '2023-06-19 17:41:50'),
	(5, '스탠드', '플로어 루이스폴센 스탠드조명 VL STUDIO TABLEFLOOR 황동', 399870, '판매중', 4, '플로어 루이스폴센 스탠드조명 VL STUDIO TABLEFLOOR 황동', '2023-06-19 17:42:17', '2023-06-19 17:42:17'),
	(6, '스탠드', '플로어 루이스폴센 스탠드조명 VL STUDIO TABLEFLOOR 블랙', 648000, '판매중', 22, '플로어 루이스폴센 스탠드조명 VL STUDIO TABLEFLOOR 블랙', '2023-06-20 14:00:04', '2023-06-20 14:00:04'),
	(7, '스탠드', '플로어 루이스폴센 스탠드조명 PH 80 화이트 오플 아크릴 브라이트 크롬 도금', 13832000, '판매중', 99, '플로어 루이스폴센 스탠드조명 PH 80 화이트 오플 아크릴 브라이트 크롬 도금', '2023-06-20 14:00:30', '2023-06-20 14:00:30'),
	(8, '스탠드', '플로어 루이스폴센 스탠드조명 PH 80 화이트 오팔 아크릴 화이트', 13838000, '판매중', 55, '플로어 루이스폴센 스탠드조명 PH 80 화이트 오팔 아크릴 화이트', '2023-06-20 14:00:53', '2023-06-20 14:00:53'),
	(9, '스탠드', '플로어 루이스폴센 스탠드조명 PH 80 화이트 오팔 아크릴 블랙', 461000, '판매중', 99, '플로어 루이스폴센 스탠드조명 PH 80 화이트 오팔 아크릴 블랙', '2023-06-20 14:01:15', '2023-06-20 14:08:39'),
	(10, '스탠드', '플로어 루이스폴센 스탠드조명 PH 4½-3½ 글라스 플로어 브라이트 크롬 도금', 799870, '판매중', 4, '플로어 루이스폴센 스탠드조명 PH 4½-3½ 글라스 플로어 브라이트 크롬 도금', '2023-06-20 14:01:30', '2023-06-20 14:01:30'),
	(11, '스탠드', '플로어 루이스폴센 스탠드조명 NJP 플로어 화이트', 648000, '판매중', 99, '플로어 루이스폴센 스탠드조명 NJP 플로어 화이트', '2023-06-20 14:01:44', '2023-06-20 14:01:44'),
	(12, '스탠드', '플로어 루이스폴센 스탠드조명 NJP 플로어 블랙', 648000, '판매중', 99, '플로어 루이스폴센 스탠드조명 NJP 플로어 블랙', '2023-06-20 14:01:54', '2023-06-20 14:01:54'),
	(13, '스탠드', '플로어 루이스폴센 스탠드조명 NJP 플로어 라이트 알루미늄 그레이', 648000, '판매중', 99, '플로어 루이스폴센 스탠드조명 NJP 플로어 라이트 알루미늄 그레이', '2023-06-20 14:02:05', '2023-06-20 14:02:05'),
	(14, '스탠드', '플로어 루이스폴센 스탠드조명 MOONSETTER 브라이트 크롬 화이트', 2109000, '판매중', 5, '플로어 루이스폴센 스탠드조명 MOONSETTER 브라이트 크롬 화이트', '2023-06-20 14:02:22', '2023-06-20 14:02:22'),
	(15, '스탠드', '플로어 루이스폴센 스탠드조명 AJ 플로어 페일 페트롤륨', 2731050, '판매중', 99, '플로어 루이스폴센 스탠드조명 AJ 플로어 페일 페트롤륨', '2023-06-20 14:02:46', '2023-06-20 14:02:46'),
	(16, '스탠드', '플로어 루이스폴센 스탠드조명 AJ 플로어 옐로우 오커', 3037000, '판매중', 99, '플로어 루이스폴센 스탠드조명 AJ 플로어 옐로우 오커', '2023-06-20 14:03:04', '2023-06-20 14:03:04'),
	(17, '스탠드', '플로어 루이스폴센 스탠드조명 AJ 플로어 스테인레스 스틸 폴리싱', 3037000, '판매중', 99, '플로어 루이스폴센 스탠드조명 AJ 플로어 스테인레스 스틸 폴리싱', '2023-06-20 14:03:22', '2023-06-20 14:03:22'),
	(18, '스탠드', '플로어 루이스폴센 스탠드조명 AJ 플로어 블랙', 3037000, '판매중', 99, '플로어 루이스폴센 스탠드조명 AJ 플로어 블랙', '2023-06-20 14:03:32', '2023-06-20 14:03:32'),
	(19, '스탠드', '플로어 루이스폴센 스탠드조명 AJ 플로어 미드나잇 블루', 3037000, '판매중', 99, '플로어 루이스폴센 스탠드조명 AJ 플로어 미드나잇 블루', '2023-06-20 14:03:41', '2023-06-20 14:03:41'),
	(20, '스탠드', '플로어 루이스폴센 스탠드조명 AJ 플로어 러스티 레드', 3037000, '판매중', 99, '플로어 루이스폴센 스탠드조명 AJ 플로어 러스티 레드', '2023-06-20 14:03:51', '2023-06-20 14:03:51'),
	(21, '스탠드', '플로어 루이스폴센 스탠드조명 AJ 플로어 다크 그린', 3037000, '판매중', 99, '플로어 루이스폴센 스탠드조명 AJ 플로어 다크 그린', '2023-06-20 14:04:00', '2023-06-20 14:04:00'),
	(22, '스탠드', '플로어 루이스폴센 스탠드조명 AJ 플로어 다크 그레이', 3037000, '판매중', 99, '플로어 루이스폴센 스탠드조명 AJ 플로어 다크 그레이', '2023-06-20 14:04:08', '2023-06-20 14:04:08'),
	(23, '펜던트', '펜던트 루이스폴센 핑크 식탁조명 화려한 PH Artichoke Pale Rose', 21612000, '판매중', 99, '펜던트 루이스폴센 핑크 식탁조명 화려한 PH Artichoke Pale Rose', '2023-06-20 14:13:50', '2023-06-20 14:13:50'),
	(24, '펜던트', '펜던트 루이스폴센 핑크 식탁조명 PH 33 Pale Rose 펜던트', 1520100, '판매중', 99, '펜던트 루이스폴센 핑크 식탁조명 PH 33 Pale Rose 펜던트트', '2023-06-20 14:17:50', '2023-06-20 14:17:50'),
	(25, '펜던트', '펜던트 루이스폴센 핑크 식탁조명 PH 3½-3 Pale Rose 황동 펜던트', 2870000, '판매중', 99, '펜던트 루이스폴센 핑크 식탁조명 PH 3½-3 Pale Rose 황동 펜던트', '2023-06-20 14:17:50', '2023-06-20 14:17:50'),
	(26, '펜던트', '펜던트 루이스폴센 식탁조명 톨보드 펜던트 화이트', 466000, '판매중', 99, '펜던트 루이스폴센 식탁조명 톨보드 펜던트 화이트', '2023-06-20 14:17:50', '2023-06-20 14:17:50'),
	(27, '펜던트', '펜던트 루이스폴센 식탁조명 톨보드 펜던트 블루-그레이', 466000, '판매중', 99, '펜던트 루이스폴센 식탁조명 톨보드 펜던트 블루-그레이', '2023-06-20 14:17:51', '2023-06-20 14:17:51'),
	(28, '펜던트', '펜던트 루이스폴센 식탁조명 톨보드 펜던트 블랙', 466000, '판매중', 99, '펜던트 루이스폴센 식탁조명 톨보드 펜던트 블랙', '2023-06-20 14:17:51', '2023-06-20 14:17:51'),
	(29, '펜던트', '펜던트 루이스폴센 식탁조명 톨보드 펜던트 라이트 그레이', 466000, '판매중', 99, '펜던트 루이스폴센 식탁조명 톨보드 펜던트 라이트 그레이', '2023-06-20 14:17:51', '2023-06-20 14:17:51'),
	(30, '펜던트', '펜던트 루이스폴센 식탁조명 톨보드 펜던트  다크 로즈', 466000, '판매중', 99, '펜던트 루이스폴센 식탁조명 톨보드 펜던트  다크 로즈', '2023-06-20 14:17:51', '2023-06-20 14:17:51'),
	(31, '펜던트', '펜던트 루이스폴센 식탁조명 톨보드 155 글라스 펜던트 화이트 오팔 글라스', 666000, '판매중', 99, '펜던트 루이스폴센 식탁조명 톨보드 155 글라스 펜던트 화이트 오팔 글라스', '2023-06-20 14:17:51', '2023-06-20 14:17:51'),
	(32, '펜던트', '펜던트 루이스폴센 식탁조명 콜라지 450', 1221000, '판매중', 99, '펜던트 루이스폴센 식탁조명 콜라지 450', '2023-06-20 14:24:50', '2023-06-20 14:24:50'),
	(33, '펜던트', '펜던트 루이스폴센 식탁조명 카일런', 1535550, '판매중', 99, '펜던트 루이스폴센 식탁조명 카일런', '2023-06-20 14:24:50', '2023-06-20 14:24:50'),
	(34, '펜던트', '펜던트 루이스폴센 식탁조명 이니그마 545 블랙', 2258000, '판매중', 99, '펜던트 루이스폴센 식탁조명 이니그마 545 블랙', '2023-06-20 14:24:50', '2023-06-20 14:24:50'),
	(35, '펜던트', '펜던트 루이스폴센 식탁조명 이니그마 545 Br.alu', 2258000, '판매중', 99, '펜던트 루이스폴센 식탁조명 이니그마 545 Br.alu', '2023-06-20 14:24:50', '2023-06-20 14:24:50'),
	(36, '펜던트', '펜던트 루이스폴센 식탁조명 어보브 화이트', 761000, '판매중', 99, '펜던트 루이스폴센 식탁조명 어보브 화이트', '2023-06-20 14:24:50', '2023-06-20 14:24:50'),
	(37, '펜던트', '펜던트 루이스폴센 식탁조명 어보브 블랙', 761000, '판매중', 99, '펜던트 루이스폴센 식탁조명 어보브 블랙', '2023-06-20 14:24:50', '2023-06-20 14:24:50'),
	(38, '펜던트', '펜던트 루이스폴센 식탁조명 써크 옐로우 TOP', 532000, '판매중', 99, '펜던트 루이스폴센 식탁조명 써크 옐로우 TOP', '2023-06-20 14:24:51', '2023-06-20 14:24:51'),
	(39, '펜던트', '펜던트 루이스폴센 식탁조명 써크 레드 TOP', 532000, '판매중', 99, '펜던트 루이스폴센 식탁조명 써크 레드 TOP', '2023-06-20 14:24:51', '2023-06-20 14:24:51'),
	(40, '펜던트', '펜던트 루이스폴센 식탁조명 써크 그레이 TOP', 532000, '판매중', 99, '펜던트 루이스폴센 식탁조명 써크 그레이 TOP', '2023-06-20 14:24:51', '2023-06-20 14:24:51'),
	(41, '펜던트', '펜던트 루이스폴센 식탁조명 써크 구리 TOP', 532000, '판매중', 99, '펜던트 루이스폴센 식탁조명 써크 구리 TOP', '2023-06-20 14:24:51', '2023-06-20 14:24:51'),
	(42, '펜던트', '펜던트 루이스폴센 식탁조명 모서', 1234900, '판매중', 99, '펜던트 루이스폴센 식탁조명 모서', '2023-06-20 14:24:51', '2023-06-20 14:24:51'),
	(43, '펜던트', '펜던트 루이스폴센 식탁조명 두-왑 황동', 1645000, '판매중', 99, '펜던트 루이스폴센 식탁조명 두-왑 황동', '2023-06-20 14:24:51', '2023-06-20 14:24:51'),
	(44, '펜던트', '펜던트 루이스폴센 식탁조명 두-왑 화이트', 1645000, '판매중', 99, '펜던트 루이스폴센 식탁조명 두-왑 화이트', '2023-06-20 14:24:51', '2023-06-20 14:24:51'),
	(45, '관리자', '펜던트 루이스폴센 식탁조명 두-왑 스테린에스 스틸 폴리싱', 1645000, '판매중', 99, '펜던트 루이스폴센 식탁조명 두-왑 스테린에스 스틸 폴리싱', '2023-06-20 14:24:51', '2023-06-20 15:36:55'),
	(46, '관리자', '펜던트 루이스폴센 식탁조명 두-왑 다크 그레이', 1645000, '판매중', 99, '펜던트 루이스폴센 식탁조명  두-왑 다크 그레이', '2023-06-20 14:24:51', '2023-06-20 15:37:06'),
	(47, '관리자', '펜던트 루이스폴센 식탁조명 두-왑 구리', 1645000, '판매중', 99, '펜던트 루이스폴센 식탁조명 두-왑 구리', '2023-06-20 14:24:51', '2023-06-20 15:37:12'),
	(48, '펜던트', '펜던트 루이스폴센 식탁조명 구형 PATERA', 2755000, '판매중', 99, '펜던트 루이스폴센 식탁조명 구형 PATERA', '2023-06-20 14:24:51', '2023-06-20 14:24:51'),
	(49, '펜던트', '펜던트 루이스폴센 식탁조명 VL45 라디오하우스 펜던트', 1195500, '판매중', 99, '펜던트 루이스폴센 식탁조명 VL45 라디오하우스 펜던트', '2023-06-20 14:32:47', '2023-06-20 14:32:47'),
	(50, '펜던트', '펜던트 루이스폴센 식탁조명 VL 링 크라운 3-5-7', 990000, '판매중', 99, '펜던트 루이스폴센 식탁조명 VL 링 크라운 3-5-7', '2023-06-20 14:32:47', '2023-06-20 14:32:47'),
	(51, '펜던트', '펜던트 루이스폴센 식탁조명 VL 링 크라운 1', 823000, '판매중', 99, '펜던트 루이스폴센 식탁조명 VL 링 크라운 1', '2023-06-20 14:32:47', '2023-06-20 14:32:47'),
	(52, '펜던트', '펜던트 루이스폴센 식탁조명 PH 아티초크 화이트', 16984000, '판매중', 99, '펜던트 루이스폴센 식탁조명 PH 아티초크 화이트', '2023-06-20 14:32:47', '2023-06-20 14:32:47'),
	(53, '펜던트', '펜던트 루이스폴센 식탁조명 PH 아티초크 블랙', 16984000, '판매중', 99, '펜던트 루이스폴센 식탁조명 PH 아티초크 블랙', '2023-06-20 14:32:47', '2023-06-20 14:32:47'),
	(54, '펜던트', '펜던트 루이스폴센 식탁조명  PH 아티초크 글라스 투명 글라스 샌드블라스트', 16984000, '판매중', 99, '펜던트 루이스폴센 식탁조명  PH 아티초크 글라스 투명 글라스 샌드블라스트', '2023-06-20 14:32:47', '2023-06-20 14:32:47'),
	(55, '펜던트', '펜던트 루이스폴센 식탁조명 PH 아티초크 구리', 16984000, '판매중', 99, '펜던트 루이스폴센 식탁조명 PH 아티초크 구리', '2023-06-20 14:32:47', '2023-06-20 14:32:47'),
	(56, '펜던트', '펜던트 루이스폴센 식탁조명 PH 스노우볼', 4699000, '판매중', 99, '펜던트 루이스폴센 식탁조명 PH 스노우볼', '2023-06-20 14:32:47', '2023-06-20 14:32:47'),
	(57, '펜던트', '펜던트 루이스폴센 식탁조명 PH 루브 화이트', 4699000, '판매중', 99, '펜던트 루이스폴센 식탁조명 PH 루브 화이트', '2023-06-20 14:32:47', '2023-06-20 14:32:47'),
	(58, '펜던트', '펜던트 루이스폴센 식탁조명 PH Septima', 18559000, '판매중', 99, '펜던트 루이스폴센 식탁조명 PH Septima', '2023-06-20 14:32:47', '2023-06-20 14:32:47'),
	(59, '펜던트', '펜던트 루이스폴센 식탁조명 PH 43 펜던트', 954100, '판매중', 99, '펜던트 루이스폴센 식탁조명 PH 43 펜던트', '2023-06-20 14:32:47', '2023-06-20 14:32:47'),
	(60, '펜던트', '펜던트 루이스폴센 식탁조명 PH 32 아카데미 브라이트 크롬 도금', 1764200, '판매중', 99, '펜던트 루이스폴센 식탁조명 PH 32 아카데미 브라이트 크롬 도금', '2023-06-20 14:32:47', '2023-06-20 14:32:47'),
	(61, '펜던트', '펜던트 루이스폴센 식탁조명 PH 21 스템 피팅 21 스템 피팅', 3739000, '판매중', 99, '펜던트 루이스폴센 식탁조명 PH 21 스템 피팅 21 스템 피팅', '2023-06-20 14:32:48', '2023-06-20 14:32:48'),
	(62, '펜던트', '펜던트 루이스폴센 식탁조명 PH 5-4½ & PH 6½-6', 4500000, '판매중', 99, '펜던트 루이스폴센 식탁조명 PH 5-4½ & PH 6½-6', '2023-06-20 14:32:48', '2023-06-20 14:32:48'),
	(63, '펜던트', '펜던트 루이스폴센 식탁조명 PH 5 황동', 2109000, '판매중', 99, '펜던트 루이스폴센 식탁조명 PH 5 황동', '2023-06-20 14:32:48', '2023-06-20 14:32:48'),
	(64, '펜던트', '펜던트 루이스폴센 식탁조명 PH 5 화이트클래식', 1680000, '판매중', 99, '펜던트 루이스폴센 식탁조명 PH 5 화이트클래식', '2023-06-20 15:00:16', '2023-06-20 15:00:16'),
	(65, '펜던트', '펜던트 루이스폴센 식탁조명 PH 5 화이트', 1680000, '판매중', 99, '펜던트 루이스폴센 식탁조명 PH 5 화이트', '2023-06-20 15:00:16', '2023-06-20 15:00:16'),
	(66, '펜던트', '펜던트 루이스폴센 식탁조명 PH 5 파스텔 오이스터 그레이 블루 로즈', 1680000, '판매중', 99, '펜던트 루이스폴센 식탁조명 PH 5 파스텔 오이스터 그레이 블루 로즈', '2023-06-20 15:00:16', '2023-06-20 15:00:16'),
	(67, '펜던트', '펜던트 루이스폴센 식탁조명 PH 5 파스텔 블루 로즈 피치', 1680000, '판매중', 99, '펜던트 루이스폴센 식탁조명 PH 5 파스텔 블루 로즈 피치', '2023-06-20 15:00:16', '2023-06-20 15:00:16'),
	(68, '펜던트', '펜던트 루이스폴센 식탁조명 PH 5 오렌지', 1680000, '판매중', 99, '펜던트 루이스폴센 식탁조명 PH 5 오랜지', '2023-06-20 15:00:16', '2023-06-20 15:00:16'),
	(69, '관리자', '펜던트 루이스폴센 식탁조명 PH 5 블루', 1680000, '판매중', 99, '펜던트 루이스폴센 식탁조명 PH 5 블루', '2023-06-20 15:00:16', '2023-06-20 15:50:41'),
	(70, '펜던트', '펜던트 루이스폴센 식탁조명 PH 5 모노크롬 페일 로즈', 1680000, '판매중', 99, '펜던트 루이스폴센 식탁조명 PH 5  모노크롬 페일 로즈', '2023-06-20 15:00:16', '2023-06-20 15:00:16'),
	(71, '펜던트', '펜던트 루이스폴센 식탁조명 PH 5  모노크롬 오이스터 그레이', 1680000, '판매중', 99, '펜던트 루이스폴센 식탁조명 PH 5  모노크롬 오이스터 그레이', '2023-06-20 15:00:16', '2023-06-20 15:00:16'),
	(72, '펜던트', '펜던트 루이스폴센 식탁조명 PH 5  모노크롬 블루', 1680000, '판매중', 99, '펜던트 루이스폴센 식탁조명 PH 5 모노크롬 블루', '2023-06-20 15:00:16', '2023-06-20 15:00:16'),
	(73, '펜던트', '펜던트 루이스폴센 식탁조명 PH 5 모노크롬 블랙', 1680000, '판매중', 99, '펜던트 루이스폴센 식탁조명 PH 5 모노크롬 블랙', '2023-06-20 15:00:16', '2023-06-20 15:00:16'),
	(74, '펜던트', '펜던트 루이스폴센 식탁조명 PH 5 로즈', 1680000, '판매중', 99, '펜던트 루이스폴센 식탁조명 PH 5 로즈', '2023-06-20 15:00:16', '2023-06-20 15:00:16'),
	(75, '펜던트', '펜던트 루이스폴센 식탁조명 PH 5 레드', 1680000, '판매중', 99, '펜던트 루이스폴센 식탁조명 PH 5 레드', '2023-06-20 15:00:16', '2023-06-20 15:00:16'),
	(76, '펜던트', '펜던트 루이스폴센 식탁조명 PH 5 그린', 1680000, '판매중', 99, '펜던트 루이스폴센 식탁조명 PH 5 그린', '2023-06-20 15:00:16', '2023-06-20 15:00:16'),
	(77, '펜던트', '펜던트 루이스폴센 식탁조명 PH 5 그레이', 1680000, '판매중', 99, '펜던트 루이스폴센 식탁조명 PH 5 그레이', '2023-06-20 15:00:16', '2023-06-20 15:00:16'),
	(78, '펜던트', '펜던트 루이스폴센 식탁조명 PH 5 구리', 1680000, '판매중', 99, '펜던트 루이스폴센 식탁조명 PH 5 구리', '2023-06-20 15:00:16', '2023-06-20 15:00:16'),
	(79, '펜던트', '펜던트 루이스폴센 식탁조명 PH 3½-3 펜던트 화이트', 1978000, '판매중', 99, '펜던트 루이스폴센 식탁조명 PH 3½-3 펜던트 화이트', '2023-06-20 15:00:16', '2023-06-20 15:00:16'),
	(80, '펜던트', '펜던트 루이스폴센 식탁조명 PH 3½-3 펜던트 옐로우', 1978000, '판매중', 99, '펜던트 루이스폴센 식탁조명 PH 3½-3 펜던트 엘로우', '2023-06-20 15:00:16', '2023-06-20 15:00:16'),
	(81, '펜던트', '펜던트 루이스폴센 식탁조명 PH 3½-3 펜던트 레드', 1978000, '판매중', 99, '펜던트 루이스폴센 식탁조명 PH 3½-3 펜던트 레드', '2023-06-20 15:00:16', '2023-06-20 15:00:16'),
	(82, '펜던트', '펜던트 루이스폴센 식탁조명 PH 3½-3 펜던트 그린', 1978000, '판매중', 99, '펜던트 루이스폴센 식탁조명 PH 3½-3 펜던트 그린', '2023-06-20 15:00:17', '2023-06-20 15:00:17'),
	(83, '펜던트', '펜던트 루이스폴센 식탁조명 PATERA OVAL', 1951000, '판매중', 99, '펜던트 루이스폴센 식탁조명 PATERA OVAL', '2023-06-20 15:00:17', '2023-06-20 15:00:17'),
	(84, '펜던트', '펜던트 루이스폴센 식탁조명 OE 콰시 라이트 다크 알루미늄', 16000000, '판매중', 99, '펜던트 루이스폴센 식탁조명 OE 콰시 라이트 다크 알루미늄', '2023-06-20 15:00:17', '2023-06-20 15:00:17'),
	(85, '펜던트', '펜던트 루이스폴센 식탁조명 LC 셔터', 909800, '판매중', 99, '펜던트 루이스폴센 식탁조명 LC 셔터', '2023-06-20 15:00:17', '2023-06-20 15:00:17'),
	(86, '펜던트', '펜던트 루이스폴센 식탁조명 AJ ROYAL 화이트', 1462000, '판매중', 99, '펜던트 루이스폴센 식탁조명 AJ ROYAL 화이트', '2023-06-20 15:00:17', '2023-06-20 15:00:17'),
	(87, '펜던트', '펜던트 루이스폴센 식탁조명 AJ ROYAL 블랙', 1462000, '판매중', 99, '펜던트 루이스폴센 식탁조명 AJ ROYAL 블랙', '2023-06-20 15:00:17', '2023-06-20 15:00:17'),
	(88, '펜던트', '테이블램프 루이스폴센 협탁등 판텔라 포트블 V2 회색 오팔 아크릴', 1250000, '판매중', 99, '테이블램프 루이스폴센 협탁등 판텔라 포트블 V2 회색 오팔 아크릴', '2023-06-20 15:00:17', '2023-06-20 15:00:17'),
	(89, '펜던트', '테이블램프 루이스폴센 협탁등 판텔라 포트블 V2 화이트', 1250000, '판매중', 99, '테이블램프 루이스폴센 협탁등 판텔라 포트블 V2 화이트', '2023-06-20 15:00:17', '2023-06-20 15:00:17'),
	(90, '펜던트', '테이블램프 루이스폴센 협탁등 판텔라 포트블 V2 화이트 오팔 아크릴', 1250000, '판매중', 99, '테이블램프 루이스폴센 협탁등 판텔라 포트블 V2 화이트 오팔 아크릴', '2023-06-20 15:00:17', '2023-06-20 15:00:17'),
	(91, '펜던트', '테이블램프 루이스폴센 협탁등 판텔라 포트블 V2 페일 블루', 1250000, '판매중', 99, '테이블램프 루이스폴센 협탁등 판텔라 포트블 V2 페일 블루', '2023-06-20 15:00:17', '2023-06-20 15:00:17'),
	(92, '펜던트', '테이블램프 루이스폴센 협탁등 판텔라 포트블 V2 페일 로즈', 1250000, '판매중', 99, '테이블램프 루이스폴센 협탁등 판텔라 포트블 V2 페일 로즈', '2023-06-20 15:00:17', '2023-06-20 15:00:17'),
	(93, '펜던트', '테이블램프 루이스폴센 협탁등 판텔라 포트블 V2 산호 금속', 1250000, '판매중', 99, '테이블램프 루이스폴센 협탁등 판텔라 포트블 V2 산호 금속', '2023-06-20 15:00:17', '2023-06-20 15:00:17'),
	(94, '펜던트', '테이블램프 루이스폴센 협탁등 판텔라 포트블 V2 블랙', 1250000, '판매중', 99, '테이블램프 루이스폴센 협탁등 판텔라 포트블 V2 블랙', '2023-06-20 15:00:17', '2023-06-20 15:00:17'),
	(95, '펜던트', '테이블램프 루이스폴센 협탁등 판텔라 미니 회색 오팔 아크릴', 835000, '판매중', 99, '테이블램프 루이스폴센 협탁등 판텔라 미니 회색 오팔 아크릴', '2023-06-20 15:00:17', '2023-06-20 15:00:17'),
	(96, '펜던트', '테이블램프 루이스폴센 협탁등 판텔라 미니 황동 메탈라이징', 835000, '판매중', 99, '테이블램프 루이스폴센 협탁등 판텔라 미니 황동 메탈라이징', '2023-06-20 15:00:17', '2023-06-20 15:00:17'),
	(97, '펜던트', '테이블램프 루이스폴센 협탁등 판텔라 미니 화이트', 835000, '판매중', 99, '테이블램프 루이스폴센 협탁등 판텔라 미니 화이트', '2023-06-20 15:00:17', '2023-06-20 15:00:17'),
	(98, '펜던트', '테이블램프 루이스폴센 협탁등 판텔라 미니 화이트 오팔 아크릴', 835000, '판매중', 99, '테이블램프 루이스폴센 협탁등 판텔라 미니 화이트 오팔 아크릴', '2023-06-20 15:00:17', '2023-06-20 15:00:17'),
	(99, '펜던트', '테이블램프 루이스폴센 협탁등 판텔라 미니 페일 블루', 835000, '판매중', 99, '테이블램프 루이스폴센 협탁등 판텔라 미니 페일 블루', '2023-06-20 15:00:17', '2023-06-20 15:00:17'),
	(100, '펜던트', '테이블램프 루이스폴센 협탁등 판텔라 미니 페일 로즈', 835000, '판매중', 99, '테이블램프 루이스폴센 협탁등 판텔라 미니 페일 로즈', '2023-06-20 15:00:18', '2023-06-20 15:00:18'),
	(101, '펜던트', '테이블램프 루이스폴센 협탁등 판텔라 미니 오렌지', 835000, '판매중', 99, '테이블램프 루이스폴센 협탁등 판텔라 미니 오렌지', '2023-06-20 15:00:18', '2023-06-20 15:00:18'),
	(102, '펜던트', '테이블램프 루이스폴센 협탁등 판텔라 미니 산호 금속', 835000, '판매중', 99, '테이블램프 루이스폴센 협탁등 판텔라 미니 산호 금속', '2023-06-20 15:00:18', '2023-06-20 15:00:18'),
	(103, '펜던트', '테이블램프 루이스폴센 협탁등 판텔라 미니 블랙', 835000, '판매중', 99, '테이블램프 루이스폴센 협탁등 판텔라 미니 블랙', '2023-06-20 15:00:18', '2023-06-20 15:00:18'),
	(104, '펜던트', '테이블램프 루이스폴센 협탁등 판텔라 미니 브라이트 크롬 도금', 835000, '판매중', 99, '테이블램프 루이스폴센 협탁등 판텔라 미니 브라이트 크롬 도금', '2023-06-20 15:00:18', '2023-06-20 15:00:18'),
	(105, '테이블등', '테이블램프 루이스폴센 협탁등 YUH 테이블 황동 블랙', 1435000, '판매중', 99, '테이블램프 루이스폴센 협탁등 YUH 테이블 황동 블랙', '2023-06-20 15:08:13', '2023-06-20 15:08:13'),
	(106, '테이블등', '테이블램프 루이스폴센 협탁등 YUH 테이블 화이트', 1435000, '판매중', 99, '테이블램프 루이스폴센 협탁등 YUH 테이블 화이트', '2023-06-20 15:13:48', '2023-06-20 15:13:48'),
	(107, '테이블등', '테이블램프 루이스폴센 협탁등 YUH 테이블 블랙', 1435000, '판매중', 99, '테이블램프 루이스폴센 협탁등 YUH 테이블 블랙', '2023-06-20 15:13:48', '2023-06-20 15:13:48'),
	(108, '테이블등', '테이블램프 루이스폴센 협탁등 VL 테이블 화이트', 687900, '판매중', 99, '테이블램프 루이스폴센 협탁등 VL 테이블 화이트', '2023-06-20 15:13:48', '2023-06-20 15:13:48'),
	(109, '테이블등', '테이블램프 루이스폴센 협탁등 VL 테이블 블랙', 687900, '판매중', 99, '테이블램프 루이스폴센 협탁등 VL 테이블 블랙', '2023-06-20 15:13:48', '2023-06-20 15:13:48'),
	(110, '테이블등', '테이블램프 루이스폴센 협탁등 VL STUDIO TABLEFLOOR 황동', 1418000, '판매중', 99, '테이블램프 루이스폴센 협탁등 VL STUDIO TABLEFLOOR 황동', '2023-06-20 15:13:48', '2023-06-20 15:13:48'),
	(111, '테이블등', '테이블램프 루이스폴센 협탁등 VL STUDIO TABLEFLOOR 블랙', 1418000, '판매중', 99, '테이블램프 루이스폴센 협탁등 VL STUDIO TABLEFLOOR 블랙', '2023-06-20 15:13:48', '2023-06-20 15:13:48'),
	(112, '테이블등', '테이블램프 루이스폴센 협탁등 PH 32 PALE ROSE 테이블 페일 로즈', 3410200, '판매중', 99, '테이블램프 루이스폴센 협탁등 PH 32 PALE ROSE 테이블 페일 로즈', '2023-06-20 15:13:48', '2023-06-20 15:13:48'),
	(113, '테이블등', '테이블램프 루이스폴센 협탁등 PH 21 테이블 황동 메탈라이징', 2713000, '판매중', 99, '테이블램프 루이스폴센 협탁등 PH 21 테이블 황동 메탈라이징', '2023-06-20 15:13:49', '2023-06-20 15:13:49'),
	(114, '테이블등', '테이블램프 루이스폴센 협탁등 PH 21 테이블 블랙 메탈라이징', 2713000, '판매중', 99, '테이블램프 루이스폴센 협탁등 PH 21 테이블 블랙 메탈라이징', '2023-06-20 15:13:49', '2023-06-20 15:13:49'),
	(115, '테이블등', '테이블램프 루이스폴센 협탁등 PH 21 테이블 브라이트 크롬 도금', 2713000, '판매중', 99, '테이블램프 루이스폴센 협탁등 PH 21 테이블 브라이트 크롬 도금', '2023-06-20 15:13:49', '2023-06-20 15:13:49'),
	(116, '테이블등', '테이블램프 루이스폴센 협탁등 PH 21 PALE ROSE 황동 테이블', 2713000, '판매중', 99, '테이블램프 루이스폴센 협탁등 PH 21 PALE ROSE 황동 테이블징', '2023-06-20 15:13:49', '2023-06-20 15:13:49'),
	(117, '테이블등', '테이블램프 루이스폴센 협탁등 PH 3½-2½ 테이블 화이트', 2228000, '판매중', 99, '테이블램프 루이스폴센 협탁등 PH 3½-2½ 테이블 화이트', '2023-06-20 15:13:49', '2023-06-20 15:13:49'),
	(118, '테이블등', '테이블램프 루이스폴센 협탁등 PH 3½-2½ 테이블 옐로우', 2228000, '판매중', 99, '테이블램프 루이스폴센 협탁등 PH 3½-2½ 테이블 옐로우', '2023-06-20 15:13:49', '2023-06-20 15:13:49'),
	(119, '테이블등', '테이블램프 루이스폴센 협탁등 PH 3½-2½ 테이블 레드', 2228000, '판매중', 99, '테이블램프 루이스폴센 협탁등 PH 3½-2½ 테이블 레드', '2023-06-20 15:13:49', '2023-06-20 15:13:49'),
	(120, '테이블등', '테이블램프 루이스폴센 협탁등 PH 3½-2½ 테이블 그린', 2228000, '판매중', 99, '테이블램프 루이스폴센 협탁등 PH 3½-2½ 테이블 그린', '2023-06-20 15:13:49', '2023-06-20 15:13:49'),
	(121, '관리자', '테이블램프 루이스폴센 협탁등 PH 3½-2½ 글라스 테이블 황동 메탈라이징', 2228000, '판매중', 99, '테이블램프 루이스폴센 협탁등 PH 3½-2½ 글라스 테이블 황동 메탈라이징', '2023-06-20 15:13:49', '2023-06-20 16:00:58'),
	(122, '테이블등', '테이블램프 루이스폴센 협탁등 PH 3½-2½ 글라스 테이블 블랙 메탈라이징', 2228000, '판매중', 99, '테이블램프 루이스폴센 협탁등 PH 3½-2½ 글라스 테이블 블랙 메탈라이징', '2023-06-20 15:13:49', '2023-06-20 15:13:49'),
	(123, '테이블등', '테이블램프 루이스폴센 협탁등 PH 3½-2½ 글라스 테이블 브라이트 크롬 도금', 2228000, '판매중', 99, '테이블램프 루이스폴센 협탁등 PH 3½-2½ 글라스 테이블 브라이트 크롬 도금', '2023-06-20 15:13:49', '2023-06-20 15:13:49'),
	(124, '테이블등', '테이블램프 루이스폴센 협탁등 NJP 테이블 화이트', 534230, '판매중', 99, '테이블램프 루이스폴센 협탁등 NJP 테이블 화이트', '2023-06-20 15:22:01', '2023-06-20 15:22:01'),
	(125, '테이블등', '테이블램프 루이스폴센 협탁등 NJP 테이블 블랙', 534230, '판매중', 99, '테이블램프 루이스폴센 협탁등 NJP 테이블 블랙', '2023-06-20 15:22:01', '2023-06-20 15:22:01'),
	(126, '테이블등', '테이블램프 루이스폴센 협탁등 NJP 테이블 라이트 알루미늄 그레이', 534230, '판매중', 99, '테이블램프 루이스폴센 협탁등 NJP 테이블 라이트 알루미늄 그레이', '2023-06-20 15:22:01', '2023-06-20 15:22:01'),
	(127, '테이블등', '테이블램프 루이스폴센 협탁등 NJP MINI 화이트', 910000, '판매중', 99, '테이블램프 루이스폴센 협탁등 NJP MINI 화이트', '2023-06-20 15:22:01', '2023-06-20 15:22:01'),
	(128, '테이블등', '테이블램프 루이스폴센 협탁등 NJP MINI 페트롤 블루', 910000, '판매중', 99, '테이블램프 루이스폴센 협탁등 NJP MINI 페트롤 블루', '2023-06-20 15:22:01', '2023-06-20 15:22:01'),
	(129, '테이블등', '테이블램프 루이스폴센 협탁등 NJP MINI 토프', 910000, '판매중', 99, '테이블램프 루이스폴센 협탁등 NJP MINI 토프', '2023-06-20 15:22:02', '2023-06-20 15:22:02'),
	(130, '테이블등', '테이블램프 루이스폴센 협탁등 NJP MINI 소프트 핑크', 910000, '판매중', 99, '테이블램프 루이스폴센 협탁등 NJP MINI 소프트 핑크', '2023-06-20 15:22:02', '2023-06-20 15:22:02'),
	(131, '테이블등', '테이블램프 루이스폴센 협탁등 NJP MINI 블랙', 910000, '판매중', 99, '테이블램프 루이스폴센 협탁등 NJP MINI 블랙', '2023-06-20 15:22:02', '2023-06-20 15:22:02'),
	(132, '테이블등', '테이블램프 루이스폴센 협탁등 NJP MINI 로즈 브라운', 910000, '판매중', 99, '테이블램프 루이스폴센 협탁등 NJP MINI 로즈 브라운', '2023-06-20 15:22:02', '2023-06-20 15:22:02'),
	(133, '테이블등', '테이블램프 루이스폴센 협탁등 NJP MINI 라이트 알루미늄 그레이', 910000, '판매중', 99, '테이블램프 루이스폴센 협탁등 NJP MINI 라이트 알루미늄 그레이', '2023-06-20 15:22:02', '2023-06-20 15:22:02'),
	(134, '테이블등', '테이블램프 루이스폴센 협탁등 LEGLEN TABLE 화이트', 548000, '판매중', 99, '테이블램프 루이스폴센 협탁등 LEGLEN TABLE 화이트', '2023-06-20 15:22:02', '2023-06-20 15:22:02'),
	(135, '테이블등', '테이블램프 루이스폴센 협탁등 LEGLEN TABLE 블랙', 548000, '판매중', 99, '테이블램프 루이스폴센 협탁등 LEGLEN TABLE 블랙', '2023-06-20 15:22:02', '2023-06-20 15:22:02'),
	(136, '테이블등', '테이블램프 루이스폴센 협탁등 AJ 테이블 화이트', 1257000, '판매중', 99, '테이블램프 루이스폴센 협탁등 AJ 테이블 화이트', '2023-06-20 15:22:02', '2023-06-20 15:22:02'),
	(137, '테이블등', '테이블램프 루이스폴센 협탁등 AJ 테이블 페일 페트롤륨', 1257000, '판매중', 99, '테이블램프 루이스폴센 협탁등 AJ 테이블 페일 페트롤륨', '2023-06-20 15:22:02', '2023-06-20 15:22:02'),
	(138, '테이블등', '테이블램프 루이스폴센 협탁등 AJ 테이블 오버진', 1257000, '판매중', 99, '테이블램프 루이스폴센 협탁등 AJ 테이블 오버진', '2023-06-20 15:22:02', '2023-06-20 15:22:02'),
	(139, '테이블등', '테이블램프 루이스폴센 협탁등 AJ 테이블 옐로우 오커', 1257000, '판매중', 99, '테이블램프 루이스폴센 협탁등 AJ 테이블 옐로우 오커', '2023-06-20 15:22:02', '2023-06-20 15:22:02'),
	(140, '테이블등', '테이블램프 루이스폴센 협탁등 AJ 테이블 스테인레스 스틸 폴리싱', 1257000, '판매중', 99, '테이블램프 루이스폴센 협탁등 AJ 테이블 스테인레스 스틸 폴리싱', '2023-06-20 15:22:02', '2023-06-20 15:22:02'),
	(141, '테이블등', '테이블램프 루이스폴센 협탁등 AJ 테이블 블랙', 1257000, '판매중', 99, '테이블램프 루이스폴센 협탁등 AJ 테이블 블랙', '2023-06-20 15:22:02', '2023-06-20 15:22:02'),
	(142, '테이블등', '테이블램프 루이스폴센 협탁등 AJ 테이블 미드나잇 블루', 1257000, '판매중', 99, '테이블램프 루이스폴센 협탁등 AJ 테이블 미드나잇 블루', '2023-06-20 15:22:02', '2023-06-20 15:22:02'),
	(143, '테이블등', '테이블램프 루이스폴센 협탁등 AJ 테이블 러스티 레드', 1257000, '판매중', 99, '테이블램프 루이스폴센 협탁등 AJ 테이블 러스티 레드', '2023-06-20 15:22:02', '2023-06-20 15:22:02'),
	(144, '테이블등', '테이블램프 루이스폴센 협탁등 AJ 테이블 라이트 그레이', 1257000, '판매중', 99, '테이블램프 루이스폴센 협탁등 AJ 테이블 라이트 그레이', '2023-06-20 15:22:02', '2023-06-20 15:22:02'),
	(145, '테이블등', '테이블램프 루이스폴센 협탁등 AJ 테이블 다크 그레이', 1257000, '판매중', 99, '테이블램프 루이스폴센 협탁등 AJ 테이블 다크 그레이', '2023-06-20 15:22:02', '2023-06-20 15:22:02'),
	(146, '테이블등', '테이블램프 루이스폴센 협탁등 AJ OXFORD 테이블 오팔 글라스', 1000000, '판매중', 99, '테이블램프 루이스폴센 협탁등 AJ OXFORD 테이블 오팔 글라스', '2023-06-20 15:22:02', '2023-06-20 15:22:02'),
	(147, '테이블등', '테이블램프 루이스폴센 협탁등 AJ OXFORD 테이블 메탈 블랙', 1000000, '판매중', 99, '테이블램프 루이스폴센 협탁등 AJ OXFORD 테이블 메탈 블랙', '2023-06-20 15:22:02', '2023-06-20 15:22:02');

-- 테이블 shop.product_img 구조 내보내기
CREATE TABLE IF NOT EXISTS `product_img` (
  `product_no` int(11) NOT NULL,
  `product_ori_filename` text NOT NULL,
  `product_save_filename` text NOT NULL,
  `product_filetype` varchar(50) NOT NULL,
  `product_path` text NOT NULL,
  `createdate` datetime NOT NULL,
  `updatedate` datetime NOT NULL,
  PRIMARY KEY (`product_no`),
  KEY `product_no` (`product_no`),
  CONSTRAINT `FK_product_img_product` FOREIGN KEY (`product_no`) REFERENCES `product` (`product_no`) ON DELETE CASCADE ON UPDATE CASCADE
) ENGINE=InnoDB DEFAULT CHARSET=utf8 COLLATE=utf8_general_ci;

-- 테이블 데이터 shop.product_img:~146 rows (대략적) 내보내기
DELETE FROM `product_img`;
INSERT INTO `product_img` (`product_no`, `product_ori_filename`, `product_save_filename`, `product_filetype`, `product_path`, `createdate`, `updatedate`) VALUES
	(1, 'no_image.jpg', 'no_image.jpg', 'jpg', 'productImg', '2023-06-20 12:42:36', '2023-06-20 12:42:36'),
	(2, '플로어 루이스폴센 스탠드조명 판테라 플로어 화이트 오팔 아크릴.png', '플로어 루이스폴센 스탠드조명 판테라 플로어 화이트 오팔 아크릴.png', 'image/png', 'productImg', '2023-06-20 12:42:36', '2023-06-20 12:42:36'),
	(3, '플로어 루이스폴센 스탠드조명 VL38 플로어 화이트.png', '플로어 루이스폴센 스탠드조명 VL38 플로어 화이트.png', 'image/png', 'productImg', '2023-06-20 12:43:08', '2023-06-20 12:43:08'),
	(4, '플로어 루이스폴센 스탠드조명 VL38 플로어 블랙.png', '플로어 루이스폴센 스탠드조명 VL38 플로어 블랙.png', 'image/png', 'productImg', '2023-06-20 12:44:26', '2023-06-20 12:44:26'),
	(5, '플로어 루이스폴센 스탠드조명 VL STUDIO TABLEFLOOR 황동.png', '플로어 루이스폴센 스탠드조명 VL STUDIO TABLEFLOOR 황동.png', 'image/png', 'productImg', '2023-06-20 12:44:37', '2023-06-20 12:44:37'),
	(6, '플로어 루이스폴센 스탠드조명 VL STUDIO TABLEFLOOR 블랙.png', '플로어 루이스폴센 스탠드조명 VL STUDIO TABLEFLOOR 블랙.png', 'image/png', 'productImg', '2023-06-20 14:00:11', '2023-06-20 14:00:11'),
	(7, '플로어 루이스폴센 스탠드조명 PH 80 화이트 오플 아크릴 브라이트 크롬 도금.png', '플로어 루이스폴센 스탠드조명 PH 80 화이트 오플 아크릴 브라이트 크롬 도금.png', 'image/png', 'productImg', '2023-06-20 14:09:20', '2023-06-20 14:09:20'),
	(8, '플로어 루이스폴센 스탠드조명 PH 80 화이트 오팔 아크릴 화이트.png', '플로어 루이스폴센 스탠드조명 PH 80 화이트 오팔 아크릴 화이트.png', 'image/png', 'productImg', '2023-06-20 14:09:03', '2023-06-20 14:09:03'),
	(9, '플로어 루이스폴센 스탠드조명 PH 80 화이트 오팔 아크릴 블랙.png', '플로어 루이스폴센 스탠드조명 PH 80 화이트 오팔 아크릴 블랙.png', 'image/png', 'productImg', '2023-06-20 14:08:54', '2023-06-20 14:08:54'),
	(10, '플로어 루이스폴센 스탠드조명 PH 4½-3½ 글라스 플로어 브라이트 크롬 도금.png', '플로어 루이스폴센 스탠드조명 PH 4½-3½ 글라스 플로어 브라이트 크롬 도금.png', 'image/png', 'productImg', '2023-06-20 14:07:40', '2023-06-20 14:07:40'),
	(11, '플로어 루이스폴센 스탠드조명 NJP 플로어 화이트.png', '플로어 루이스폴센 스탠드조명 NJP 플로어 화이트.png', 'image/png', 'productImg', '2023-06-20 14:07:22', '2023-06-20 14:07:22'),
	(12, '플로어 루이스폴센 스탠드조명 NJP 플로어 블랙.png', '플로어 루이스폴센 스탠드조명 NJP 플로어 블랙.png', 'image/png', 'productImg', '2023-06-20 14:07:10', '2023-06-20 14:07:10'),
	(13, '플로어 루이스폴센 스탠드조명 NJP 플로어 라이트 알루미늄 그레이.png', '플로어 루이스폴센 스탠드조명 NJP 플로어 라이트 알루미늄 그레이.png', 'image/png', 'productImg', '2023-06-20 14:07:02', '2023-06-20 14:07:02'),
	(14, '플로어 루이스폴센 스탠드조명 MOONSETTER 브라이트 크롬 화이트.png', '플로어 루이스폴센 스탠드조명 MOONSETTER 브라이트 크롬 화이트.png', 'image/png', 'productImg', '2023-06-20 14:06:55', '2023-06-20 14:06:55'),
	(15, '플로어 루이스폴센 스탠드조명 AJ 플로어 페일 페트롤륨.png', '플로어 루이스폴센 스탠드조명 AJ 플로어 페일 페트롤륨.png', 'image/png', 'productImg', '2023-06-20 14:06:40', '2023-06-20 14:06:40'),
	(16, '플로어 루이스폴센 스탠드조명 AJ 플로어 옐로우 오커.png', '플로어 루이스폴센 스탠드조명 AJ 플로어 옐로우 오커.png', 'image/png', 'productImg', '2023-06-20 14:05:49', '2023-06-20 14:05:49'),
	(17, '플로어 루이스폴센 스탠드조명 AJ 플로어 스테인레스 스틸 폴리싱.png', '플로어 루이스폴센 스탠드조명 AJ 플로어 스테인레스 스틸 폴리싱.png', 'image/png', 'productImg', '2023-06-20 14:05:32', '2023-06-20 14:05:32'),
	(18, '플로어 루이스폴센 스탠드조명 AJ 플로어 블랙.png', '플로어 루이스폴센 스탠드조명 AJ 플로어 블랙.png', 'image/png', 'productImg', '2023-06-20 14:05:19', '2023-06-20 14:05:19'),
	(19, '플로어 루이스폴센 스탠드조명 AJ 플로어 미드나잇 블루.png', '플로어 루이스폴센 스탠드조명 AJ 플로어 미드나잇 블루.png', 'image/png', 'productImg', '2023-06-20 14:05:05', '2023-06-20 14:05:05'),
	(20, '플로어 루이스폴센 스탠드조명 AJ 플로어 러스티 레드.png', '플로어 루이스폴센 스탠드조명 AJ 플로어 러스티 레드.png', 'image/png', 'productImg', '2023-06-20 14:04:56', '2023-06-20 14:04:56'),
	(21, '플로어 루이스폴센 스탠드조명 AJ 플로어 다크 그린.png', '플로어 루이스폴센 스탠드조명 AJ 플로어 다크 그린.png', 'image/png', 'productImg', '2023-06-20 14:04:48', '2023-06-20 14:04:48'),
	(22, '플로어 루이스폴센 스탠드조명 AJ 플로어 다크 그레이.png', '플로어 루이스폴센 스탠드조명 AJ 플로어 다크 그레이.png', 'image/png', 'productImg', '2023-06-20 14:04:36', '2023-06-20 14:04:36'),
	(23, '펜던트 루이스폴센 핑크 식탁조명 화려한 PH Artichoke Pale Rose.png', '펜던트 루이스폴센 핑크 식탁조명 화려한 PH Artichoke Pale Rose.png', 'image/png', 'productImg', '2023-06-20 15:25:19', '2023-06-20 15:25:19'),
	(24, '펜던트 루이스폴센 핑크 식탁조명 VL45 라디오하우스 페일 로즈 펜던트.png', '펜던트 루이스폴센 핑크 식탁조명 VL45 라디오하우스 페일 로즈 펜던트.png', 'image/png', 'productImg', '2023-06-20 15:25:24', '2023-06-20 15:25:24'),
	(25, '펜던트 루이스폴센 핑크 식탁조명 PH 33 Pale Rose 펜던트.png', '펜던트 루이스폴센 핑크 식탁조명 PH 33 Pale Rose 펜던트.png', 'image/png', 'productImg', '2023-06-20 15:25:28', '2023-06-20 15:25:28'),
	(26, '펜던트 루이스폴센 식탁조명 톨보드 펜던트 화이트.png', '펜던트 루이스폴센 식탁조명 톨보드 펜던트 화이트.png', 'image/png', 'productImg', '2023-06-20 15:25:37', '2023-06-20 15:25:37'),
	(27, '펜던트 루이스폴센 식탁조명 톨보드 펜던트 블루-그레이.png', '펜던트 루이스폴센 식탁조명 톨보드 펜던트 블루-그레이.png', 'image/png', 'productImg', '2023-06-20 15:25:45', '2023-06-20 15:25:45'),
	(28, '펜던트 루이스폴센 식탁조명 톨보드 펜던트 블랙.png', '펜던트 루이스폴센 식탁조명 톨보드 펜던트 블랙.png', 'image/png', 'productImg', '2023-06-20 15:25:49', '2023-06-20 15:25:49'),
	(29, '펜던트 루이스폴센 식탁조명 톨보드 펜던트 라이트 그레이.png', '펜던트 루이스폴센 식탁조명 톨보드 펜던트 라이트 그레이.png', 'image/png', 'productImg', '2023-06-20 15:25:54', '2023-06-20 15:25:54'),
	(30, '펜던트 루이스폴센 식탁조명 톨보드 펜던트 다크 로즈.png', '펜던트 루이스폴센 식탁조명 톨보드 펜던트 다크 로즈.png', 'image/png', 'productImg', '2023-06-20 15:26:01', '2023-06-20 15:26:01'),
	(31, '펜던트 루이스폴센 식탁조명 톨보드 155 글라스 펜던트 화이트 오팔 글라스.png', '펜던트 루이스폴센 식탁조명 톨보드 155 글라스 펜던트 화이트 오팔 글라스.png', 'image/png', 'productImg', '2023-06-20 15:26:44', '2023-06-20 15:26:44'),
	(32, '펜던트 루이스폴센 식탁조명 콜라지 450.png', '펜던트 루이스폴센 식탁조명 콜라지 450.png', 'image/png', 'productImg', '2023-06-20 15:27:04', '2023-06-20 15:27:04'),
	(33, '펜던트 루이스폴센 식탁조명 카일런.png', '펜던트 루이스폴센 식탁조명 카일런.png', 'image/png', 'productImg', '2023-06-20 15:27:11', '2023-06-20 15:27:11'),
	(34, '펜던트 루이스폴센 식탁조명 이니그마 545 블랙.png', '펜던트 루이스폴센 식탁조명 이니그마 545 블랙.png', 'image/png', 'productImg', '2023-06-20 15:27:15', '2023-06-20 15:27:15'),
	(35, '펜던트 루이스폴센 식탁조명 이니그마 545 Br.alu.png', '펜던트 루이스폴센 식탁조명 이니그마 545 Br.alu.png', 'image/png', 'productImg', '2023-06-20 15:27:20', '2023-06-20 15:27:20'),
	(36, '펜던트 루이스폴센 식탁조명 어보브 화이트.png', '펜던트 루이스폴센 식탁조명 어보브 화이트.png', 'image/png', 'productImg', '2023-06-20 15:27:24', '2023-06-20 15:27:24'),
	(37, '펜던트 루이스폴센 식탁조명 어보브 블랙.png', '펜던트 루이스폴센 식탁조명 어보브 블랙.png', 'image/png', 'productImg', '2023-06-20 15:27:28', '2023-06-20 15:27:28'),
	(38, '펜던트 루이스폴센 식탁조명 써크 옐로우 TOP.png', '펜던트 루이스폴센 식탁조명 써크 옐로우 TOP.png', 'image/png', 'productImg', '2023-06-20 15:27:32', '2023-06-20 15:27:32'),
	(39, '펜던트 루이스폴센 식탁조명 써크 레드 TOP.png', '펜던트 루이스폴센 식탁조명 써크 레드 TOP.png', 'image/png', 'productImg', '2023-06-20 15:27:37', '2023-06-20 15:27:37'),
	(40, '펜던트 루이스폴센 식탁조명 써크 그레이 TOP.png', '펜던트 루이스폴센 식탁조명 써크 그레이 TOP.png', 'image/png', 'productImg', '2023-06-20 15:27:41', '2023-06-20 15:27:41'),
	(41, '펜던트 루이스폴센 식탁조명 써크 구리 TOP.png', '펜던트 루이스폴센 식탁조명 써크 구리 TOP.png', 'image/png', 'productImg', '2023-06-20 15:34:33', '2023-06-20 15:34:33'),
	(42, '펜던트 루이스폴센 식탁조명 모서.png', '펜던트 루이스폴센 식탁조명 모서.png', 'image/png', 'productImg', '2023-06-20 15:35:19', '2023-06-20 15:35:19'),
	(44, '펜던트 루이스폴센 식탁조명 두-왑 황동.png', '펜던트 루이스폴센 식탁조명 두-왑 황동.png', 'image/png', 'productImg', '2023-06-20 15:35:22', '2023-06-20 15:35:22'),
	(45, '펜던트 루이스폴센 식탁조명 두-왑 스테린에스 스틸 폴리싱.png', '펜던트 루이스폴센 식탁조명 두-왑 스테린에스 스틸 폴리싱1.png', 'image/png', 'productImg', '2023-06-20 15:35:27', '2023-06-20 15:36:55'),
	(46, '펜던트 루이스폴센 식탁조명 두-왑 다크 그레이.png', '펜던트 루이스폴센 식탁조명 두-왑 다크 그레이1.png', 'image/png', 'productImg', '2023-06-20 15:35:34', '2023-06-20 15:37:06'),
	(47, '펜던트 루이스폴센 식탁조명 두-왑 구리.png', '펜던트 루이스폴센 식탁조명 두-왑 구리.png', 'image/png', 'productImg', '2023-06-20 15:36:27', '2023-06-20 15:37:12'),
	(48, '펜던트 루이스폴센 식탁조명 구형 PATERA.png', '펜던트 루이스폴센 식탁조명 구형 PATERA.png', 'image/png', 'productImg', '2023-06-20 15:36:39', '2023-06-20 15:36:39'),
	(49, '펜던트 루이스폴센 식탁조명 VL45 라디오하우스 펜던트.png', '펜던트 루이스폴센 식탁조명 VL45 라디오하우스 펜던트.png', 'image/png', 'productImg', '2023-06-20 15:36:43', '2023-06-20 15:36:43'),
	(50, '펜던트 루이스폴센 식탁조명 VL 링 크라운 3-5-7.png', '펜던트 루이스폴센 식탁조명 VL 링 크라운 3-5-7.png', 'image/png', 'productImg', '2023-06-20 15:37:25', '2023-06-20 15:37:25'),
	(51, '펜던트 루이스폴센 식탁조명 VL 링 크라운 1.png', '펜던트 루이스폴센 식탁조명 VL 링 크라운 1.png', 'image/png', 'productImg', '2023-06-20 15:38:17', '2023-06-20 15:38:17'),
	(52, '펜던트 루이스폴센 식탁조명 PH 아티초크 화이트.png', '펜던트 루이스폴센 식탁조명 PH 아티초크 화이트.png', 'image/png', 'productImg', '2023-06-20 15:38:20', '2023-06-20 15:38:20'),
	(53, '펜던트 루이스폴센 식탁조명 PH 아티초크 블랙.png', '펜던트 루이스폴센 식탁조명 PH 아티초크 블랙.png', 'image/png', 'productImg', '2023-06-20 15:38:24', '2023-06-20 15:38:24'),
	(54, '펜던트 루이스폴센 식탁조명 PH 아티초크 글라스 투명 글라스 샌드블라스트.png', '펜던트 루이스폴센 식탁조명 PH 아티초크 글라스 투명 글라스 샌드블라스트.png', 'image/png', 'productImg', '2023-06-20 15:38:28', '2023-06-20 15:38:28'),
	(55, '펜던트 루이스폴센 식탁조명 PH 아티초크 구리.png', '펜던트 루이스폴센 식탁조명 PH 아티초크 구리.png', 'image/png', 'productImg', '2023-06-20 15:38:33', '2023-06-20 15:38:33'),
	(56, '펜던트 루이스폴센 식탁조명 PH 스노우볼.png', '펜던트 루이스폴센 식탁조명 PH 스노우볼.png', 'image/png', 'productImg', '2023-06-20 15:38:37', '2023-06-20 15:38:37'),
	(57, '펜던트 루이스폴센 식탁조명 PH 루브 화이트.png', '펜던트 루이스폴센 식탁조명 PH 루브 화이트.png', 'image/png', 'productImg', '2023-06-20 15:38:41', '2023-06-20 15:38:41'),
	(58, '펜던트 루이스폴센 식탁조명 PH Septima.png', '펜던트 루이스폴센 식탁조명 PH Septima.png', 'image/png', 'productImg', '2023-06-20 15:38:55', '2023-06-20 15:38:55'),
	(59, '펜던트 루이스폴센 식탁조명 PH 43 펜던트.png', '펜던트 루이스폴센 식탁조명 PH 43 펜던트.png', 'image/png', 'productImg', '2023-06-20 15:38:59', '2023-06-20 15:38:59'),
	(60, '펜던트 루이스폴센 식탁조명 PH 32 아카데미 브라이트 크롬 도금.png', '펜던트 루이스폴센 식탁조명 PH 32 아카데미 브라이트 크롬 도금.png', 'image/png', 'productImg', '2023-06-20 15:39:04', '2023-06-20 15:39:04'),
	(61, '펜던트 루이스폴센 식탁조명 PH 21 스템 피팅 21 스템 피팅.png', '펜던트 루이스폴센 식탁조명 PH 21 스템 피팅 21 스템 피팅.png', 'image/png', 'productImg', '2023-06-20 15:49:37', '2023-06-20 15:49:37'),
	(62, '펜던트 루이스폴센 식탁조명 PH 5-4½ & PH 6½-6.png', '펜던트 루이스폴센 식탁조명 PH 5-4½ & PH 6½-6.png', 'image/png', 'productImg', '2023-06-20 15:49:44', '2023-06-20 15:49:44'),
	(63, '펜던트 루이스폴센 식탁조명 PH 5 황동.png', '펜던트 루이스폴센 식탁조명 PH 5 황동.png', 'image/png', 'productImg', '2023-06-20 15:49:48', '2023-06-20 15:49:48'),
	(64, '펜던트 루이스폴센 식탁조명 PH 5 화이트클래식.png', '펜던트 루이스폴센 식탁조명 PH 5 화이트클래식.png', 'image/png', 'productImg', '2023-06-20 15:49:52', '2023-06-20 15:49:52'),
	(65, '펜던트 루이스폴센 식탁조명 PH 5 화이트모던.png', '펜던트 루이스폴센 식탁조명 PH 5 화이트모던.png', 'image/png', 'productImg', '2023-06-20 15:50:16', '2023-06-20 15:50:16'),
	(66, '펜던트 루이스폴센 식탁조명 PH 5 파스텔 오이스터 그레이 블루 로즈.png', '펜던트 루이스폴센 식탁조명 PH 5 파스텔 오이스터 그레이 블루 로즈.png', 'image/png', 'productImg', '2023-06-20 15:50:23', '2023-06-20 15:50:23'),
	(67, '펜던트 루이스폴센 식탁조명 PH 5 파스텔 블루 로즈 피치.png', '펜던트 루이스폴센 식탁조명 PH 5 파스텔 블루 로즈 피치.png', 'image/png', 'productImg', '2023-06-20 15:50:32', '2023-06-20 15:50:32'),
	(68, '펜던트 루이스폴센 식탁조명 PH 5 오렌지.png', '펜던트 루이스폴센 식탁조명 PH 5 오렌지.png', 'image/png', 'productImg', '2023-06-20 15:50:36', '2023-06-20 15:50:36'),
	(69, '펜던트 루이스폴센 식탁조명 PH 5 블루.png', '펜던트 루이스폴센 식탁조명 PH 5 블루.png', 'image/png', 'productImg', '2023-06-20 15:50:40', '2023-06-20 15:50:40'),
	(70, '펜던트 루이스폴센 식탁조명 PH 5 모노크롬 페일 로즈.png', '펜던트 루이스폴센 식탁조명 PH 5 모노크롬 페일 로즈.png', 'image/png', 'productImg', '2023-06-20 15:50:52', '2023-06-20 15:50:52'),
	(71, '펜던트 루이스폴센 식탁조명 PH 5 모노크롬 오이스터 그레이.png', '펜던트 루이스폴센 식탁조명 PH 5 모노크롬 오이스터 그레이.png', 'image/png', 'productImg', '2023-06-20 15:51:31', '2023-06-20 15:51:31'),
	(72, '펜던트 루이스폴센 식탁조명 PH 5 모노크롬 블루.png', '펜던트 루이스폴센 식탁조명 PH 5 모노크롬 블루.png', 'image/png', 'productImg', '2023-06-20 15:51:38', '2023-06-20 15:51:38'),
	(73, '펜던트 루이스폴센 식탁조명 PH 5 모노크롬 블랙.png', '펜던트 루이스폴센 식탁조명 PH 5 모노크롬 블랙.png', 'image/png', 'productImg', '2023-06-20 15:51:44', '2023-06-20 15:51:44'),
	(74, '펜던트 루이스폴센 식탁조명 PH 5 로즈.png', '펜던트 루이스폴센 식탁조명 PH 5 로즈.png', 'image/png', 'productImg', '2023-06-20 15:51:50', '2023-06-20 15:51:50'),
	(75, '펜던트 루이스폴센 식탁조명 PH 5 레드.png', '펜던트 루이스폴센 식탁조명 PH 5 레드.png', 'image/png', 'productImg', '2023-06-20 15:51:54', '2023-06-20 15:51:54'),
	(76, '펜던트 루이스폴센 식탁조명 PH 5 그린.png', '펜던트 루이스폴센 식탁조명 PH 5 그린.png', 'image/png', 'productImg', '2023-06-20 15:51:58', '2023-06-20 15:51:58'),
	(77, '펜던트 루이스폴센 식탁조명 PH 5 그레이.png', '펜던트 루이스폴센 식탁조명 PH 5 그레이.png', 'image/png', 'productImg', '2023-06-20 15:52:02', '2023-06-20 15:52:02'),
	(78, '펜던트 루이스폴센 식탁조명 PH 5 구리.png', '펜던트 루이스폴센 식탁조명 PH 5 구리.png', 'image/png', 'productImg', '2023-06-20 15:52:06', '2023-06-20 15:52:06'),
	(79, '펜던트 루이스폴센 식탁조명 PH 3½-3 펜던트 화이트.png', '펜던트 루이스폴센 식탁조명 PH 3½-3 펜던트 화이트.png', 'image/png', 'productImg', '2023-06-20 15:52:10', '2023-06-20 15:52:10'),
	(80, '펜던트 루이스폴센 식탁조명 PH 3½-3 펜던트 옐로우.png', '펜던트 루이스폴센 식탁조명 PH 3½-3 펜던트 옐로우.png', 'image/png', 'productImg', '2023-06-20 15:52:14', '2023-06-20 15:52:14'),
	(81, '펜던트 루이스폴센 식탁조명 PH 3½-3 펜던트 레드.png', '펜던트 루이스폴센 식탁조명 PH 3½-3 펜던트 레드.png', 'image/png', 'productImg', '2023-06-20 15:54:52', '2023-06-20 15:54:52'),
	(82, '펜던트 루이스폴센 식탁조명 PH 3½-3 펜던트 그린.png', '펜던트 루이스폴센 식탁조명 PH 3½-3 펜던트 그린.png', 'image/png', 'productImg', '2023-06-20 15:54:55', '2023-06-20 15:54:55'),
	(83, '펜던트 루이스폴센 식탁조명 PATERA OVAL.png', '펜던트 루이스폴센 식탁조명 PATERA OVAL.png', 'image/png', 'productImg', '2023-06-20 15:55:00', '2023-06-20 15:55:00'),
	(84, '펜던트 루이스폴센 식탁조명 OE 콰시 라이트 다크 알루미늄.png', '펜던트 루이스폴센 식탁조명 OE 콰시 라이트 다크 알루미늄.png', 'image/png', 'productImg', '2023-06-20 15:55:03', '2023-06-20 15:55:03'),
	(85, '펜던트 루이스폴센 식탁조명 LC 셔터.png', '펜던트 루이스폴센 식탁조명 LC 셔터.png', 'image/png', 'productImg', '2023-06-20 15:55:09', '2023-06-20 15:55:09'),
	(86, '펜던트 루이스폴센 식탁조명 AJ ROYAL 화이트.png', '펜던트 루이스폴센 식탁조명 AJ ROYAL 화이트.png', 'image/png', 'productImg', '2023-06-20 15:55:13', '2023-06-20 15:55:13'),
	(87, '펜던트 루이스폴센 식탁조명 AJ ROYAL 블랙.png', '펜던트 루이스폴센 식탁조명 AJ ROYAL 블랙.png', 'image/png', 'productImg', '2023-06-20 15:55:20', '2023-06-20 15:55:20'),
	(88, '테이블램프 루이스폴센 협탁등 판텔라 포트블 V2 회색 오팔 아크릴.png', '테이블램프 루이스폴센 협탁등 판텔라 포트블 V2 회색 오팔 아크릴.png', 'image/png', 'productImg', '2023-06-20 15:55:24', '2023-06-20 15:55:24'),
	(89, '테이블램프 루이스폴센 협탁등 판텔라 포트블 V2 화이트.png', '테이블램프 루이스폴센 협탁등 판텔라 포트블 V2 화이트.png', 'image/png', 'productImg', '2023-06-20 15:55:28', '2023-06-20 15:55:28'),
	(90, '테이블램프 루이스폴센 협탁등 판텔라 포트블 V2 화이트 오팔 아크릴.png', '테이블램프 루이스폴센 협탁등 판텔라 포트블 V2 화이트 오팔 아크릴.png', 'image/png', 'productImg', '2023-06-20 15:55:34', '2023-06-20 15:55:34'),
	(91, '테이블램프 루이스폴센 협탁등 판텔라 포트블 V2 페일 블루.png', '테이블램프 루이스폴센 협탁등 판텔라 포트블 V2 페일 블루.png', 'image/png', 'productImg', '2023-06-20 15:56:49', '2023-06-20 15:56:49'),
	(92, '테이블램프 루이스폴센 협탁등 판텔라 포트블 V2 페일 로즈.png', '테이블램프 루이스폴센 협탁등 판텔라 포트블 V2 페일 로즈.png', 'image/png', 'productImg', '2023-06-20 15:56:53', '2023-06-20 15:56:53'),
	(93, '테이블램프 루이스폴센 협탁등 판텔라 포트블 V2 산호 금속.png', '테이블램프 루이스폴센 협탁등 판텔라 포트블 V2 산호 금속.png', 'image/png', 'productImg', '2023-06-20 15:56:56', '2023-06-20 15:56:56'),
	(94, '테이블램프 루이스폴센 협탁등 판텔라 포트블 V2 블랙.png', '테이블램프 루이스폴센 협탁등 판텔라 포트블 V2 블랙.png', 'image/png', 'productImg', '2023-06-20 15:57:00', '2023-06-20 15:57:00'),
	(95, '테이블램프 루이스폴센 협탁등 판텔라 미니 회색 오팔 아크릴.png', '테이블램프 루이스폴센 협탁등 판텔라 미니 회색 오팔 아크릴.png', 'image/png', 'productImg', '2023-06-20 15:57:04', '2023-06-20 15:57:04'),
	(96, '테이블램프 루이스폴센 협탁등 판텔라 미니 황동 메탈라이징.png', '테이블램프 루이스폴센 협탁등 판텔라 미니 황동 메탈라이징.png', 'image/png', 'productImg', '2023-06-20 15:57:08', '2023-06-20 15:57:08'),
	(97, '테이블램프 루이스폴센 협탁등 판텔라 미니 화이트.png', '테이블램프 루이스폴센 협탁등 판텔라 미니 화이트.png', 'image/png', 'productImg', '2023-06-20 15:57:25', '2023-06-20 15:57:25'),
	(98, '테이블램프 루이스폴센 협탁등 판텔라 미니 화이트 오팔 아크릴.png', '테이블램프 루이스폴센 협탁등 판텔라 미니 화이트 오팔 아크릴.png', 'image/png', 'productImg', '2023-06-20 15:57:29', '2023-06-20 15:57:29'),
	(99, '테이블램프 루이스폴센 협탁등 판텔라 미니 페일 블루.png', '테이블램프 루이스폴센 협탁등 판텔라 미니 페일 블루.png', 'image/png', 'productImg', '2023-06-20 15:57:32', '2023-06-20 15:57:32'),
	(100, '테이블램프 루이스폴센 협탁등 판텔라 미니 페일 로즈.png', '테이블램프 루이스폴센 협탁등 판텔라 미니 페일 로즈.png', 'image/png', 'productImg', '2023-06-20 15:57:39', '2023-06-20 15:57:39'),
	(101, '테이블램프 루이스폴센 협탁등 판텔라 미니 오렌지.png', '테이블램프 루이스폴센 협탁등 판텔라 미니 오렌지.png', 'image/png', 'productImg', '2023-06-20 15:58:00', '2023-06-20 15:58:00'),
	(102, '테이블램프 루이스폴센 협탁등 판텔라 미니 산호 금속.png', '테이블램프 루이스폴센 협탁등 판텔라 미니 산호 금속.png', 'image/png', 'productImg', '2023-06-20 15:58:04', '2023-06-20 15:58:04'),
	(103, '테이블램프 루이스폴센 협탁등 판텔라 미니 블랙.png', '테이블램프 루이스폴센 협탁등 판텔라 미니 블랙.png', 'image/png', 'productImg', '2023-06-20 15:58:07', '2023-06-20 15:58:07'),
	(104, '테이블램프 루이스폴센 협탁등 판텔라 미니 브라이트 크롬 도금.png', '테이블램프 루이스폴센 협탁등 판텔라 미니 브라이트 크롬 도금.png', 'image/png', 'productImg', '2023-06-20 15:58:11', '2023-06-20 15:58:11'),
	(105, '테이블램프 루이스폴센 협탁등 YUH 테이블 황동 블랙.png', '테이블램프 루이스폴센 협탁등 YUH 테이블 황동 블랙.png', 'image/png', 'productImg', '2023-06-20 15:58:21', '2023-06-20 15:58:21'),
	(106, '테이블램프 루이스폴센 협탁등 YUH 테이블 화이트.png', '테이블램프 루이스폴센 협탁등 YUH 테이블 화이트.png', 'image/png', 'productImg', '2023-06-20 15:58:28', '2023-06-20 15:58:28'),
	(107, '테이블램프 루이스폴센 협탁등 YUH 테이블 블랙.png', '테이블램프 루이스폴센 협탁등 YUH 테이블 블랙.png', 'image/png', 'productImg', '2023-06-20 15:58:34', '2023-06-20 15:58:34'),
	(108, '테이블램프 루이스폴센 협탁등 VL 테이블 화이트.png', '테이블램프 루이스폴센 협탁등 VL 테이블 화이트.png', 'image/png', 'productImg', '2023-06-20 15:58:40', '2023-06-20 15:58:40'),
	(109, '테이블램프 루이스폴센 협탁등 VL 테이블 블랙.png', '테이블램프 루이스폴센 협탁등 VL 테이블 블랙.png', 'image/png', 'productImg', '2023-06-20 15:58:44', '2023-06-20 15:58:44'),
	(110, '테이블램프 루이스폴센 협탁등 VL STUDIO TABLEFLOOR 황동.png', '테이블램프 루이스폴센 협탁등 VL STUDIO TABLEFLOOR 황동.png', 'image/png', 'productImg', '2023-06-20 15:58:50', '2023-06-20 15:58:50'),
	(111, '테이블램프 루이스폴센 협탁등 VL STUDIO TABLEFLOOR 블랙.png', '테이블램프 루이스폴센 협탁등 VL STUDIO TABLEFLOOR 블랙.png', 'image/png', 'productImg', '2023-06-20 15:59:55', '2023-06-20 15:59:55'),
	(112, '테이블램프 루이스폴센 협탁등 PH 32 PALE ROSE 테이블 페일 로즈.png', '테이블램프 루이스폴센 협탁등 PH 32 PALE ROSE 테이블 페일 로즈.png', 'image/png', 'productImg', '2023-06-20 15:59:58', '2023-06-20 15:59:58'),
	(113, '테이블램프 루이스폴센 협탁등 PH 21 테이블 황동 메탈라이징.png', '테이블램프 루이스폴센 협탁등 PH 21 테이블 황동 메탈라이징.png', 'image/png', 'productImg', '2023-06-20 16:00:02', '2023-06-20 16:00:02'),
	(114, '테이블램프 루이스폴센 협탁등 PH 21 테이블 블랙 메탈라이징.png', '테이블램프 루이스폴센 협탁등 PH 21 테이블 블랙 메탈라이징.png', 'image/png', 'productImg', '2023-06-20 16:00:07', '2023-06-20 16:00:07'),
	(115, '테이블램프 루이스폴센 협탁등 PH 21 테이블 브라이트 크롬 도금.png', '테이블램프 루이스폴센 협탁등 PH 21 테이블 브라이트 크롬 도금.png', 'image/png', 'productImg', '2023-06-20 16:00:17', '2023-06-20 16:00:17'),
	(116, '테이블램프 루이스폴센 협탁등 PH 21 PALE ROSE 황동 테이블.png', '테이블램프 루이스폴센 협탁등 PH 21 PALE ROSE 황동 테이블.png', 'image/png', 'productImg', '2023-06-20 16:00:21', '2023-06-20 16:00:21'),
	(117, '테이블램프 루이스폴센 협탁등 PH 3½-2½ 테이블 화이트.png', '테이블램프 루이스폴센 협탁등 PH 3½-2½ 테이블 화이트.png', 'image/png', 'productImg', '2023-06-20 16:00:26', '2023-06-20 16:00:26'),
	(118, '테이블램프 루이스폴센 협탁등 PH 3½-2½ 테이블 옐로우.png', '테이블램프 루이스폴센 협탁등 PH 3½-2½ 테이블 옐로우.png', 'image/png', 'productImg', '2023-06-20 16:00:30', '2023-06-20 16:00:30'),
	(119, '테이블램프 루이스폴센 협탁등 PH 3½-2½ 테이블 레드.png', '테이블램프 루이스폴센 협탁등 PH 3½-2½ 테이블 레드.png', 'image/png', 'productImg', '2023-06-20 16:00:34', '2023-06-20 16:00:34'),
	(120, '테이블램프 루이스폴센 협탁등 PH 3½-2½ 테이블 그린.png', '테이블램프 루이스폴센 협탁등 PH 3½-2½ 테이블 그린.png', 'image/png', 'productImg', '2023-06-20 16:00:37', '2023-06-20 16:00:37'),
	(121, '테이블램프 루이스폴센 협탁등 PH 3½-2½ 글라스 테이블 황동 메탈라이징.png', '테이블램프 루이스폴센 협탁등 PH 3½-2½ 글라스 테이블 황동 메탈라이징.png', 'image/png', 'productImg', '2023-06-20 16:00:56', '2023-06-20 16:00:56'),
	(122, '테이블램프 루이스폴센 협탁등 PH 3½-2½ 글라스 테이블 블랙 메탈라이징.png', '테이블램프 루이스폴센 협탁등 PH 3½-2½ 글라스 테이블 블랙 메탈라이징.png', 'image/png', 'productImg', '2023-06-20 16:01:02', '2023-06-20 16:01:02'),
	(123, '테이블램프 루이스폴센 협탁등 PH 3½-2½ 글라스 테이블 브라이트 크롬 도금.png', '테이블램프 루이스폴센 협탁등 PH 3½-2½ 글라스 테이블 브라이트 크롬 도금.png', 'image/png', 'productImg', '2023-06-20 16:01:06', '2023-06-20 16:01:06'),
	(124, '테이블램프 루이스폴센 협탁등 NJP 테이블 화이트.png', '테이블램프 루이스폴센 협탁등 NJP 테이블 화이트.png', 'image/png', 'productImg', '2023-06-20 16:01:10', '2023-06-20 16:01:10'),
	(125, '테이블램프 루이스폴센 협탁등 NJP 테이블 블랙.png', '테이블램프 루이스폴센 협탁등 NJP 테이블 블랙.png', 'image/png', 'productImg', '2023-06-20 16:01:14', '2023-06-20 16:01:14'),
	(126, '테이블램프 루이스폴센 협탁등 NJP 테이블 라이트 알루미늄 그레이.png', '테이블램프 루이스폴센 협탁등 NJP 테이블 라이트 알루미늄 그레이.png', 'image/png', 'productImg', '2023-06-20 16:01:18', '2023-06-20 16:01:18'),
	(127, '테이블램프 루이스폴센 협탁등 NJP MINI 화이트.png', '테이블램프 루이스폴센 협탁등 NJP MINI 화이트.png', 'image/png', 'productImg', '2023-06-20 16:01:22', '2023-06-20 16:01:22'),
	(128, '테이블램프 루이스폴센 협탁등 NJP MINI 페트롤 블루.png', '테이블램프 루이스폴센 협탁등 NJP MINI 페트롤 블루.png', 'image/png', 'productImg', '2023-06-20 16:01:26', '2023-06-20 16:01:26'),
	(129, '테이블램프 루이스폴센 협탁등 NJP MINI 토프.png', '테이블램프 루이스폴센 협탁등 NJP MINI 토프.png', 'image/png', 'productImg', '2023-06-20 16:01:30', '2023-06-20 16:01:30'),
	(130, '테이블램프 루이스폴센 협탁등 NJP MINI 소프트 핑크.png', '테이블램프 루이스폴센 협탁등 NJP MINI 소프트 핑크.png', 'image/png', 'productImg', '2023-06-20 16:01:34', '2023-06-20 16:01:34'),
	(131, '테이블램프 루이스폴센 협탁등 NJP MINI 블랙.png', '테이블램프 루이스폴센 협탁등 NJP MINI 블랙.png', 'image/png', 'productImg', '2023-06-20 16:01:56', '2023-06-20 16:01:56'),
	(132, '테이블램프 루이스폴센 협탁등 NJP MINI 로즈 브라운.png', '테이블램프 루이스폴센 협탁등 NJP MINI 로즈 브라운.png', 'image/png', 'productImg', '2023-06-20 16:02:00', '2023-06-20 16:02:00'),
	(133, '테이블램프 루이스폴센 협탁등 NJP MINI 라이트 알루미늄 그레이.png', '테이블램프 루이스폴센 협탁등 NJP MINI 라이트 알루미늄 그레이.png', 'image/png', 'productImg', '2023-06-20 16:02:03', '2023-06-20 16:02:03'),
	(134, '테이블램프 루이스폴센 협탁등 LEGLEN TABLE 화이트.png', '테이블램프 루이스폴센 협탁등 LEGLEN TABLE 화이트.png', 'image/png', 'productImg', '2023-06-20 16:02:09', '2023-06-20 16:02:09'),
	(135, '테이블램프 루이스폴센 협탁등 LEGLEN TABLE 블랙.png', '테이블램프 루이스폴센 협탁등 LEGLEN TABLE 블랙.png', 'image/png', 'productImg', '2023-06-20 16:02:14', '2023-06-20 16:02:14'),
	(136, '테이블램프 루이스폴센 협탁등 AJ 테이블 화이트.png', '테이블램프 루이스폴센 협탁등 AJ 테이블 화이트.png', 'image/png', 'productImg', '2023-06-20 16:02:18', '2023-06-20 16:02:18'),
	(137, '테이블램프 루이스폴센 협탁등 AJ 테이블 페일 페트롤륨.png', '테이블램프 루이스폴센 협탁등 AJ 테이블 페일 페트롤륨.png', 'image/png', 'productImg', '2023-06-20 16:02:22', '2023-06-20 16:02:22'),
	(138, '테이블램프 루이스폴센 협탁등 AJ 테이블 오버진.png', '테이블램프 루이스폴센 협탁등 AJ 테이블 오버진.png', 'image/png', 'productImg', '2023-06-20 16:02:26', '2023-06-20 16:02:26'),
	(139, '테이블램프 루이스폴센 협탁등 AJ 테이블 옐로우 오커.png', '테이블램프 루이스폴센 협탁등 AJ 테이블 옐로우 오커.png', 'image/png', 'productImg', '2023-06-20 16:02:29', '2023-06-20 16:02:29'),
	(140, '테이블램프 루이스폴센 협탁등 AJ 테이블 스테인레스 스틸 폴리싱.png', '테이블램프 루이스폴센 협탁등 AJ 테이블 스테인레스 스틸 폴리싱.png', 'image/png', 'productImg', '2023-06-20 16:02:33', '2023-06-20 16:02:33'),
	(141, '테이블램프 루이스폴센 협탁등 AJ 테이블 블랙.png', '테이블램프 루이스폴센 협탁등 AJ 테이블 블랙.png', 'image/png', 'productImg', '2023-06-20 16:02:51', '2023-06-20 16:02:51'),
	(142, '테이블램프 루이스폴센 협탁등 AJ 테이블 미드나잇 블루.png', '테이블램프 루이스폴센 협탁등 AJ 테이블 미드나잇 블루.png', 'image/png', 'productImg', '2023-06-20 16:02:55', '2023-06-20 16:02:55'),
	(143, '테이블램프 루이스폴센 협탁등 AJ 테이블 러스티 레드.png', '테이블램프 루이스폴센 협탁등 AJ 테이블 러스티 레드.png', 'image/png', 'productImg', '2023-06-20 16:02:58', '2023-06-20 16:02:58'),
	(144, '테이블램프 루이스폴센 협탁등 AJ 테이블 라이트 그레이.png', '테이블램프 루이스폴센 협탁등 AJ 테이블 라이트 그레이.png', 'image/png', 'productImg', '2023-06-20 16:03:02', '2023-06-20 16:03:02'),
	(145, '테이블램프 루이스폴센 협탁등 AJ 테이블 다크 그레이.png', '테이블램프 루이스폴센 협탁등 AJ 테이블 다크 그레이.png', 'image/png', 'productImg', '2023-06-20 16:03:06', '2023-06-20 16:03:06'),
	(146, '테이블램프 루이스폴센 협탁등 AJ OXFORD 테이블 오팔 글라스.png', '테이블램프 루이스폴센 협탁등 AJ OXFORD 테이블 오팔 글라스.png', 'image/png', 'productImg', '2023-06-20 16:03:10', '2023-06-20 16:03:10'),
	(147, '테이블램프 루이스폴센 협탁등 AJ OXFORD 테이블 메탈 블랙.png', '테이블램프 루이스폴센 협탁등 AJ OXFORD 테이블 메탈 블랙.png', 'image/png', 'productImg', '2023-06-20 16:03:14', '2023-06-20 16:03:14');

-- 테이블 shop.pw_history 구조 내보내기
CREATE TABLE IF NOT EXISTS `pw_history` (
  `pw_no` int(11) NOT NULL AUTO_INCREMENT,
  `id` varchar(50) NOT NULL,
  `pw` varchar(50) NOT NULL,
  `createdate` datetime NOT NULL,
  PRIMARY KEY (`pw_no`),
  KEY `FK_pw_id` (`id`),
  CONSTRAINT `FK_pw_id` FOREIGN KEY (`id`) REFERENCES `id_list` (`id`) ON DELETE CASCADE ON UPDATE CASCADE
) ENGINE=InnoDB AUTO_INCREMENT=41 DEFAULT CHARSET=utf8 COLLATE=utf8_general_ci;

-- 테이블 데이터 shop.pw_history:~20 rows (대략적) 내보내기
DELETE FROM `pw_history`;
INSERT INTO `pw_history` (`pw_no`, `id`, `pw`, `createdate`) VALUES
	(1, 'user1', '*A4B6157319038724E3560894F7F932C8886EBFCF', '2023-06-21 15:24:43'),
	(2, 'user2', '*A4B6157319038724E3560894F7F932C8886EBFCF', '2023-06-21 15:24:43'),
	(3, 'user3', '*A4B6157319038724E3560894F7F932C8886EBFCF', '2023-06-21 15:24:43'),
	(4, 'user4', '*A4B6157319038724E3560894F7F932C8886EBFCF', '2023-06-21 15:24:43'),
	(5, 'user5', '*A4B6157319038724E3560894F7F932C8886EBFCF', '2023-06-21 15:24:43'),
	(6, 'admin1', '*A4B6157319038724E3560894F7F932C8886EBFCF', '2023-06-21 15:24:43'),
	(7, 'admin2', '*A4B6157319038724E3560894F7F932C8886EBFCF', '2023-06-21 15:24:43'),
	(8, 'admin3', '1234*A4B6157319038724E3560894F7F932C8886EBFCF', '2023-06-21 15:24:43'),
	(9, 'admin4', '*A4B6157319038724E3560894F7F932C8886EBFCF', '2023-06-21 15:24:43'),
	(10, 'admin5', '*A4B6157319038724E3560894F7F932C8886EBFCF', '2023-06-21 15:24:43'),
	(11, 'user6', '*A4B6157319038724E3560894F7F932C8886EBFCF', '2023-06-21 15:24:43'),
	(12, 'user7', '*A4B6157319038724E3560894F7F932C8886EBFCF', '2023-06-21 15:24:43'),
	(13, 'user8', '*A4B6157319038724E3560894F7F932C8886EBFCF', '2023-06-21 15:24:43'),
	(14, 'user9', '*A4B6157319038724E3560894F7F932C8886EBFCF', '2023-06-21 15:24:43'),
	(15, 'user10', '*A4B6157319038724E3560894F7F932C8886EBFCF', '2023-06-21 15:24:43'),
	(16, 'user11', '*A4B6157319038724E3560894F7F932C8886EBFCF', '2023-06-21 15:24:43'),
	(17, 'user12', '*A4B6157319038724E3560894F7F932C8886EBFCF', '2023-06-21 15:24:43'),
	(18, 'user13', '*A4B6157319038724E3560894F7F932C8886EBFCF', '2023-06-21 15:24:43'),
	(19, 'user14', '*A4B6157319038724E3560894F7F932C8886EBFCF', '2023-06-21 15:24:43'),
	(20, 'user15', '*A4B6157319038724E3560894F7F932C8886EBFCF', '2023-06-21 15:24:43');

-- 테이블 shop.question 구조 내보내기
CREATE TABLE IF NOT EXISTS `question` (
  `q_no` int(11) NOT NULL AUTO_INCREMENT,
  `product_no` int(11) NOT NULL,
  `id` varchar(50) NOT NULL,
  `q_category` varchar(50) NOT NULL,
  `q_title` varchar(50) NOT NULL,
  `q_name` varchar(50) NOT NULL,
  `q_content` text NOT NULL,
  `q_pw` varchar(50) NOT NULL,
  `a_chk` enum('Y','N') NOT NULL,
  `private_chk` enum('Y','N') NOT NULL,
  `createdate` datetime NOT NULL,
  `updatedate` datetime NOT NULL,
  PRIMARY KEY (`q_no`),
  KEY `FK_q_board_id` (`id`),
  KEY `product_no` (`product_no`),
  CONSTRAINT `FK_q_board_id` FOREIGN KEY (`id`) REFERENCES `id_list` (`id`) ON DELETE CASCADE ON UPDATE CASCADE,
  CONSTRAINT `FK_question_product` FOREIGN KEY (`product_no`) REFERENCES `product` (`product_no`) ON DELETE CASCADE ON UPDATE CASCADE
) ENGINE=InnoDB AUTO_INCREMENT=41 DEFAULT CHARSET=utf8 COLLATE=utf8_general_ci COMMENT='상품페이지 밑에 있는 문의';

-- 테이블 데이터 shop.question:~35 rows (대략적) 내보내기
DELETE FROM `question`;
INSERT INTO `question` (`q_no`, `product_no`, `id`, `q_category`, `q_title`, `q_name`, `q_content`, `q_pw`, `a_chk`, `private_chk`, `createdate`, `updatedate`) VALUES
	(1, 1, 'guest', '배송', '배송 문의 드립니다', '익명', '배송기간은 얼마나 걸리나요요?', '1234', 'Y', 'Y', '2023-05-13 12:08:02', '2023-06-23 12:08:02'),
	(2, 1, 'guest', '결제', '결제 문의', '익명의 회원', '무통장 입금으로 결제 가능한가요?', '1234', 'Y', 'N', '2022-02-11 11:05:02', '2023-06-23 12:08:02'),
	(3, 23, 'guest', '기타', '문의', '지나가던 사람', '제품 보증기간은 얼마나 되나요?', '1234', 'Y', 'N', '2020-01-03 10:05:02', '2023-06-23 12:08:02'),
	(4, 23, 'user1', '배송', '배송 문의드립니다', '궁금한사람', '배송기간은 얼마나 걸리나요?', '1234', 'N', 'N', '2021-04-15 08:37:02', '2023-06-23 12:08:02'),
	(5, 23, 'user1', '배송', '배송 문의드립니다', '궁금한사람', '배송기간은 얼마나 걸리나요?', '1234', 'N', 'N', '2022-07-08 12:08:02', '2023-06-23 12:08:02'),
	(6, 23, 'user1', '배송', '배송 문의드립니다', '궁금한사람', '배송기간은 얼마나 걸리나요?', '1234', 'N', 'Y', '2021-04-15 12:08:02', '2023-06-23 12:08:02'),
	(7, 23, 'user1', '배송', '배송 문의드립니다', '궁금한사람', '배송기간은 얼마나 걸리나요?', '1234', 'N', 'Y', '2022-09-09 12:08:02', '2023-06-23 12:08:02'),
	(8, 23, 'user1', '배송', '배송 문의드립니다', '궁금한사람', '배송기간은 얼마나 걸리나요?', '1234', 'N', 'N', '2017-03-12 07:08:02', '2023-06-23 12:08:02'),
	(9, 23, 'user1', '배송', '배송 문의드립니다', '궁금한사람', '배송기간은 얼마나 걸리나요?', '1234', 'N', 'Y', '2018-09-12 09:35:02', '2023-06-23 12:08:02'),
	(10, 23, 'user1', '배송', '배송 문의드립니다', '궁금한사람', '배송기간은 얼마나 걸리나요?', '1234', 'N', 'Y', '2023-01-08 10:08:02', '2023-06-23 12:08:02'),
	(11, 23, 'user1', '배송', '배송 문의드립니다', '궁금한사람', '배송기간은 얼마나 걸리나요?', '1234', 'N', 'N', '2023-03-16 05:58:02', '2023-06-23 12:08:02'),
	(12, 23, 'user1', '배송', '배송 문의드립니다', '궁금한사람', '배송기간은 얼마나 걸리나요?', '1234', 'N', 'N', '2023-01-18 12:08:02', '2023-06-23 12:08:02'),
	(13, 23, 'user1', '배송', '배송 문의드립니다', '궁금한사람', '배송기간은 얼마나 걸리나요?', '1234', 'N', 'Y', '2022-09-10 06:48:02', '2023-06-23 12:08:02'),
	(14, 23, 'user1', '배송', '배송 문의드립니다', '궁금한사람', '배송기간은 얼마나 걸리나요?', '1234', 'N', 'Y', '2020-01-29 12:08:02', '2023-06-23 12:08:02'),
	(15, 23, 'user1', '배송', '배송 문의드립니다', '궁금한사람', '배송기간은 얼마나 걸리나요?', '1234', 'N', 'N', '2018-06-08 12:08:02', '2023-06-23 12:08:02'),
	(16, 23, 'user1', '배송', '배송 문의드립니다', '궁금한사람', '배송기간은 얼마나 걸리나요?', '1234', 'N', 'Y', '2017-03-22 12:08:02', '2023-06-23 12:08:02'),
	(17, 23, 'user1', '배송', '배송 문의드립니다', '궁금한사람', '배송기간은 얼마나 걸리나요?', '1234', 'N', 'N', '2023-01-05 17:52:02', '2023-06-23 12:08:02'),
	(18, 23, 'user1', '배송', '배송 문의드립니다', '궁금한사람', '배송기간은 얼마나 걸리나요?', '1234', 'Y', 'Y', '2021-08-15 16:42:02', '2023-06-23 12:08:02'),
	(19, 23, 'user2', '교환/환불', '문의드립니다', '김루피', '이 제품 환불 규정은 어떻게 되나요?', '1234', 'Y', 'Y', '2023-03-18 19:12:02', '2023-06-23 12:08:02'),
	(20, 23, 'user3', '결제', '문의합니다', '강조로', '결제수단이 어떻게 되나요?', '1234', 'Y', 'Y', '2022-03-08 15:28:02', '2023-06-23 12:08:02'),
	(21, 23, 'user4', '기타', '문의 남김', '최상디', '문의글을 남겨야 하는데 뭐라고 남겨야 될까요?', '1234', 'N', 'Y', '2022-04-11 18:45:02', '2023-06-23 12:08:02'),
	(22, 23, 'user5', '상품', '문의드립니다', '강나미', '국내에서 생산하는 제품인가요?', '1234', 'N', 'N', '2021-03-15 14:58:02', '2023-06-23 12:08:02'),
	(23, 23, 'user6', '교환/환불', '교환 문의', '에이스', '제품을 받았는데 교환하고 싶어요', '1234', 'Y', 'Y', '2020-01-09 19:33:02', '2023-06-23 12:08:02'),
	(24, 47, 'user7', '배송', '배송 문의드립니다', '익명2', '배송기간은 얼마나 걸리나요?', '1234', 'Y', 'Y', '2019-04-11 17:43:32', '2023-06-23 12:08:02'),
	(25, 47, 'user8', '배송', '배송 문의드립니다', '익명3', '배송기간은 얼마나 걸리나요?', '1234', 'Y', 'N', '2017-05-30 12:08:02', '2023-06-23 12:08:02'),
	(26, 47, 'guest', '배송', '배송 문의드립니다', '익명4', '배송기간은 얼마나 걸리나요?', '1234', 'Y', 'Y', '2019-03-14 18:08:02', '2023-06-23 12:08:02'),
	(27, 47, 'guest', '배송', '배송 문의드립니다', '익명5', '배송기간은 얼마나 걸리나요?', '1234', 'N', 'Y', '2020-02-04 13:08:02', '2023-06-23 12:08:02'),
	(28, 47, 'user9', '배송', '배송 문의드립니다', '익명6', '배송기간은 얼마나 걸리나요?', '1234', 'N', 'N', '2023-07-11 10:08:02', '2023-06-23 12:08:02'),
	(29, 1, 'user10', '기타', '너무 멋진 사이트네요!', '지나가던 사람2', '멋진 쇼핑몰이네요 언제 오픈하나요?', '1234', 'N', 'N', '2022-01-17 14:32:02', '2023-06-23 12:08:02'),
	(30, 1, 'user10', '기타', '조명들이 정말 멋지네요', '지나가던 사람2', '얼른 구매하고 싶어요 언제부터 구매할 수 있나요?', '1234', 'Y', 'Y', '2020-04-19 20:48:02', '2023-06-23 12:08:02'),
	(31, 1, 'user11', '배송', '배송 문의드립니다', '익명', '배송기간은 얼마나 걸리나요?', '1234', 'Y', 'Y', '2021-06-18 15:08:02', '2023-06-23 12:08:02'),
	(32, 1, 'user12', '배송', '배송 문의드립니다', '익명', '배송기간은 얼마나 걸리나요?', '1234', 'Y', 'Y', '2020-08-08 19:12:42', '2023-06-23 12:08:02'),
	(33, 1, 'user13', '배송', '배송 문의드립니다', '익명', '배송기간은 얼마나 걸리나요?', '1234', 'Y', 'N', '2016-08-11 07:38:02', '2023-06-23 12:08:02'),
	(34, 47, 'user14', '상품', '상품 문의', '김아무개', '다른 색상도 판매하나요?', '1234', 'N', 'Y', '2020-02-06 08:38:02', '2023-06-23 12:08:02'),
	(35, 47, 'user15', '결제', '결제 문의', '최아무개', '결제가 잘 된건지 궁금해요', '1234', 'Y', 'Y', '2016-03-19 16:32:02', '2023-06-23 12:08:02');

-- 테이블 shop.review 구조 내보내기
CREATE TABLE IF NOT EXISTS `review` (
  `review_no` int(11) NOT NULL AUTO_INCREMENT,
  `order_product_no` int(11) NOT NULL,
  `review_title` varchar(50) NOT NULL,
  `review_content` text NOT NULL,
  `review_written` enum('Y','N') NOT NULL DEFAULT 'N',
  `review_ori_filename` text NOT NULL,
  `review_save_filename` text NOT NULL,
  `review_filetype` varchar(50) NOT NULL,
  `review_path` text NOT NULL,
  `createdate` datetime NOT NULL,
  `updatedate` datetime NOT NULL,
  PRIMARY KEY (`review_no`),
  KEY `FK_review_order_product` (`order_product_no`),
  CONSTRAINT `FK_review_order_product` FOREIGN KEY (`order_product_no`) REFERENCES `order_product` (`order_product_no`) ON DELETE NO ACTION ON UPDATE NO ACTION
) ENGINE=InnoDB AUTO_INCREMENT=17 DEFAULT CHARSET=utf8 COLLATE=utf8_general_ci;

-- 테이블 데이터 shop.review:~15 rows (대략적) 내보내기
DELETE FROM `review`;
INSERT INTO `review` (`review_no`, `order_product_no`, `review_title`, `review_content`, `review_written`, `review_ori_filename`, `review_save_filename`, `review_filetype`, `review_path`, `createdate`, `updatedate`) VALUES
	(1, 58, '"완벽한 조명 제품"', ' "이 조명 제품은 완벽한 성능과 디자인을 갖추고 있어 매우 만족스럽습니다. 추천합니다!"', 'Y', '805ffaj8.png', '805ffaj8.png', 'image/png', 'reviewImg', '2023-06-23 13:58:51', '2023-06-23 13:58:51'),
	(2, 68, '고품질의 조명 제품', '이 가게에서 구매한 조명 제품은 고품질의 소재로 제작되어 오랜 기간 동안 사용할 수 있을 것 같습니다. 좋은 선택이었습니다.', 'Y', 'ew5xrl2w.png', 'ew5xrl2w.png', 'image/png', 'reviewImg', '2023-06-23 14:14:47', '2023-06-23 14:14:47'),
	(3, 69, '설치가 간편한 조명 제품', '조명 제품의 설치가 매우 간편해서 누구나 손쉽게 사용할 수 있었습니다. 만족스러운 구매 경험이었습니다.', 'Y', '43bj2zm8.png', '43bj2zm8.png', 'image/png', 'reviewImg', '2023-06-23 14:16:39', '2023-06-23 14:16:39'),
	(4, 67, '아름다운 디자인의 조명', '이 가게에서 구매한 조명은 아름다운 디자인이 돋보여 방을 더욱 멋지게 만들어줍니다. 완벽한 조명입니다.', 'Y', 'qxqw7piw.png', 'qxqw7piw.png', 'image/png', 'reviewImg', '2023-06-23 14:17:15', '2023-06-23 14:17:15'),
	(5, 49, '밝고 환한 조명', '구매한 조명은 밝고 환한 빛을 내뿜어 주변을 환하게 밝혀줍니다. 밤에도 안락하게 사용할 수 있어 좋았습니다.', 'Y', 'palerose-table-gallery-2-1.jpg', 'palerose-table-gallery-2-1.jpg', 'image/jpeg', 'reviewImg', '2023-06-23 14:22:36', '2023-06-23 14:22:36'),
	(6, 65, '조명 선택의 고민 끝', '다른 가게에서 많은 조명을 비교해봤지만, 이 가게에서 마음에 드는 조명을 찾았습니다. 만족스럽습니다.', 'Y', 'doo-wop-louis-poulsen-pendant-4.jpg', 'doo-wop-louis-poulsen-pendant-4.jpg', 'image/jpeg', 'reviewImg', '2023-06-23 14:23:09', '2023-06-23 14:23:09'),
	(7, 66, '조명 제품의 다양성', '이 가게에는 다양한 종류와 스타일의 조명 제품이 있어서 선택하기가 어려웠지만, 마음에 드는 제품을 찾아냈습니다.', 'Y', 'louis-poulsen_carl-hansen-img_3440.jpg', 'louis-poulsen_carl-hansen-img_3440.jpg', 'image/jpeg', 'reviewImg', '2023-06-23 14:23:39', '2023-06-23 14:23:39'),
	(8, 62, '조명으로 분위기 UP', '새로운 조명으로 방의 분위기를 업그레이드했습니다. 편안하고 따뜻한 분위기를 조성할 수 있어 좋습니다.', 'Y', 'palerose-table-gallery-5.jpg', 'palerose-table-gallery-5.jpg', 'image/jpeg', 'reviewImg', '2023-06-23 14:24:01', '2023-06-23 14:24:01'),
	(9, 61, '탁 트인 조명', '조명을 키니 공간이 탁 트여서 더 넓어보입니다. 실내를 밝고 활기차게 만들어준 좋은 제품입니다.', 'Y', '9xfjywsg.png', '9xfjywsg.png', 'image/png', 'reviewImg', '2023-06-23 14:24:59', '2023-06-23 14:24:59'),
	(10, 63, '조명으로 공간 변신', '이 가게의 조명 제품으로 인해 공간이 완전히 변신되었습니다. 새로운 느낌의 실내를 즐길 수 있습니다.', 'Y', '4cfl9yu1.png', '4cfl9yu1.png', 'image/png', 'reviewImg', '2023-06-23 14:25:37', '2023-06-23 14:25:37'),
	(11, 64, '조명으로 아늑한 분위기', '조명을 변경하니 방이 아늑하고 편안한 분위기로 가득찼습니다. 조명의 힘에 놀라웠습니다.', 'Y', 'ew5xrl2w.png', 'ew5xrl2w1.png', 'image/png', 'reviewImg', '2023-06-23 14:25:58', '2023-06-23 14:25:58'),
	(12, 59, '퀄리티 좋은 조명 제품', '구매한 조명 제품의 퀄리티가 매우 좋아서 오랜 기간 동안 사용할 수 있을 것 같습니다. 만족스럽습니다.', 'Y', 'ph-3-2-floor_3-square.jpg', 'ph-3-2-floor_3-square.jpg', 'image/jpeg', 'reviewImg', '2023-06-23 14:28:06', '2023-06-23 14:28:06'),
	(14, 55, '아름다운 디자인의 조명', '이 가게에서 구매한 조명은 아름다운 디자인이 돋보여 방을 더욱 멋지게 만들어줍니다. 완벽한 조명입니다', 'Y', 'ph-3.5_2.5-gulv-sort-mil-1.jpg', 'ph-3.5_2.5-gulv-sort-mil-1.jpg', 'image/jpeg', 'reviewImg', '2023-06-23 14:29:05', '2023-06-23 14:29:05'),
	(15, 56, '고품질의 조명 제품', '이 가게에서 구매한 조명 제품은 고품질의 소재로 제작되어 오랜 기간 동안 사용할 수 있을 것 같습니다. 좋은 선택이었습니다.', 'Y', 'palerose-table-gallery-6.jpg', 'palerose-table-gallery-6.jpg', 'image/jpeg', 'reviewImg', '2023-06-23 14:29:20', '2023-06-23 14:29:20'),
	(16, 57, '설치가 간편한 조명 제품', '조명 제품의 설치가 매우 간편해서 누구나 손쉽게 사용할 수 있었습니다. 만족스러운 구매 경험이었습니다\r\n			r\n								', 'Y', '2020-11-16-lp-darling78111-07563.jpg', '2020-11-16-lp-darling78111-07563.jpg', 'image/jpeg', 'reviewImg', '2023-06-23 14:29:40', '2023-06-23 16:36:55');

/*!40103 SET TIME_ZONE=IFNULL(@OLD_TIME_ZONE, 'system') */;
/*!40101 SET SQL_MODE=IFNULL(@OLD_SQL_MODE, '') */;
/*!40014 SET FOREIGN_KEY_CHECKS=IFNULL(@OLD_FOREIGN_KEY_CHECKS, 1) */;
/*!40101 SET CHARACTER_SET_CLIENT=@OLD_CHARACTER_SET_CLIENT */;
/*!40111 SET SQL_NOTES=IFNULL(@OLD_SQL_NOTES, 1) */;
